Unnamed: 0,Name,Weight Class,Height:,Weight:,Reach:,Age,Wins,Losses,Draws
0,shamil abdurakhimov,Heavyweight,6.25,235,76,38,20,5,0
1,daichi abe,Welterweight,5.92,170,71,27,6,2,0
2,papy abedi,Welterweight,5.92,185,74,41,9,3,0
3,ricardo abreu,Middleweight,5.92,185,73,35,5,3,0
4,klidson abreu,Light Heavyweight,6.0,205,74,26,15,3,0
5,juan adams,Heavyweight,6.42,265,80,27,5,2,0
6,anthony adams,Middleweight,6.0,185,77,31,7,1,0
7,israel adesanya,Middleweight,6.33,185,80,30,18,0,0
8,jessica aguilar,Women's Strawweight,5.25,115,63,37,20,8,0
9,kevin aguilar,Featherweight,5.58,145,73,31,17,2,0
10,omari akhmedov,Welterweight,6.0,185,73,32,19,4,1
11,yoshihiro akiyama,Welterweight,5.83,170,73,44,14,6,0
12,rostem akman,Welterweight,5.83,170,72,27,6,2,0
13,mostapha al-turk,Heavyweight,6.17,245,77,46,6,6,0
14,herdem alacabek,Light Heavyweight,6.17,205,75,28,5,1,0
15,heili alateng,Women's Bantamweight,5.42,135,66,27,13,7,1
16,john albert,Bantamweight,5.67,135,68,33,7,5,0
17,junior albini,Heavyweight,6.25,264,74,28,14,6,0
18,alexandra albu,Women's Strawweight,5.17,115,63,29,7,1,0
19,iuri alcantara,Bantamweight,5.75,135,71,39,35,10,0
20,ildemar alcantara,Welterweight,6.17,185,78,36,21,8,0
21,irene aldana,Women's Bantamweight,5.75,135,68,31,11,5,0
22,hector aldana,Welterweight,5.92,170,72,31,4,4,0
23,jose aldo,Featherweight,5.58,145,70,33,28,5,0
24,jj aldrich,Women's Strawweight,5.42,125,67,27,8,3,0
25,jim alers,Featherweight,5.75,145,71,33,13,3,0
26,john alessio,Lightweight,5.83,155,72,40,34,16,0
27,houston alexander,Light Heavyweight,6.0,205,72,47,13,8,1
28,marcio alexandre junior,Welterweight,6.0,185,75,30,17,4,0
29,bill algeo,Featherweight,6.0,145,73,30,12,3,0
30,sultan aliev,Welterweight,5.92,170,74,35,15,3,0
31,john allan,Light Heavyweight,6.25,205,75,26,13,5,0
32,arnold allen,Featherweight,5.67,145,70,25,15,1,0
33,brendan allen,Middleweight,6.17,185,75,23,13,3,0
34,benny alloway,Welterweight,5.92,170,75,38,13,6,0
35,ricardo almeida,Welterweight,6.0,170,74,42,13,5,0
36,thomas almeida,Bantamweight,5.58,135,70,28,22,3,0
37,ericka almeida,Women's Strawweight,5.5,115,68,30,7,2,0
38,eddie alvarez,Lightweight,5.75,155,69,35,29,6,0
39,jaime alvarez,Flyweight,5.67,125,69,31,6,1,0
40,joel alvarez,Lightweight,6.25,155,77,25,16,2,0
41,thiago alves,Welterweight,5.75,170,70,36,28,14,0
42,warlley alves,Welterweight,5.92,170,72,28,14,3,0
43,sam alvey,Light Heavyweight,6.17,205,75,33,33,13,0
44,adlan amagov,Welterweight,6.17,170,76,32,13,2,1
45,alen amedovski,Middleweight,5.83,185,74,31,8,2,0
46,makwan amirkhani,Featherweight,5.83,145,72,30,15,3,0
47,eryk anders,Light Heavyweight,6.08,205,75,32,13,4,0
48,corey anderson,Light Heavyweight,6.25,205,79,30,13,4,0
49,megan anderson,Women's Featherweight,6.0,145,72,29,10,4,0
50,jessica andrade,Women's Strawweight,5.08,115,62,28,20,7,0
51,viscardi andrade,Welterweight,5.92,170,75,35,19,7,0
52,dylan andrews,Middleweight,6.08,185,73,39,18,8,0
53,magomed ankalaev,Light Heavyweight,6.25,205,75,27,11,1,0
54,nina ansaroff,Women's Strawweight,5.42,115,64,33,10,6,0
55,gadzhimurad antigulov,Light Heavyweight,5.92,205,70,32,20,6,0
56,adam antolin,Flyweight,5.42,125,63,37,12,3,0
57,zu anyanwu,Heavyweight,6.08,251,77,38,14,5,0
58,shinsho anzai,Welterweight,5.58,170,70,33,10,3,0
59,josh appelt,Heavyweight,5.83,255,73,36,15,6,0
60,felipe arantes,Bantamweight,5.67,135,73,31,18,10,1
61,igor araujo,Welterweight,6.08,170,77,38,25,8,0
62,viviane araujo,Women's Bantamweight,5.33,125,68,32,8,1,0
63,julio arce,Featherweight,5.58,145,70,29,16,3,0
64,andrei arlovski,Heavyweight,6.25,240,77,40,28,18,0
65,austin arnett,Featherweight,6.0,145,72,28,16,6,0
66,akbarh arreola,Lightweight,5.83,155,71,36,23,10,1
67,matt arroyo,Welterweight,5.83,170,72,37,3,3,0
68,antonio arroyo,Middleweight,6.25,185,73,30,8,2,0
69,cesar arzamendia,Lightweight,5.92,155,71,28,7,4,0
70,teddy ash,Middleweight,6.08,185,73,29,14,4,0
71,askar askarov,Flyweight,5.5,125,67,27,10,0,1
72,cyril asker,Heavyweight,6.0,247,74,33,9,4,0
73,scott askham,Middleweight,6.25,185,75,31,14,4,0
74,ben askren,Welterweight,5.92,170,73,35,19,1,0
75,junior assuncao,Featherweight,5.75,145,72,38,13,4,0
76,raphael assuncao,Bantamweight,5.42,135,66,37,27,7,0
77,rich attonito,Welterweight,5.83,170,72,42,10,5,0
78,olivier aubin-mercier,Lightweight,5.75,155,70,30,12,5,0
79,marcus aurelio,Lightweight,5.83,155,74,46,21,10,0
80,blas avena,Welterweight,6.0,170,74,36,7,6,0
81,chris avila,Featherweight,5.83,145,72,26,5,4,0
82,julia avila,Women's Bantamweight,5.58,135,68,31,7,1,0
83,jessin ayari,Welterweight,6.0,155,73,27,16,5,0
84,abu azaitar,Middleweight,5.75,185,76,33,14,1,1
85,ottman azaitar,Lightweight,5.67,155,71,29,12,0,0
86,hunter azure,Bantamweight,5.67,135,69,27,8,0,0
87,niklas backstrom,Featherweight,6.08,145,74,30,8,2,0
88,seth baczynski,Welterweight,6.25,170,74,37,18,11,0
89,ryan bader,Light Heavyweight,6.17,205,74,36,23,5,0
90,miguel baeza,Welterweight,6.17,170,74,27,8,0,0
91,ali bagautinov,Flyweight,5.33,125,65,34,14,5,0
92,mehdi baghdad,Lightweight,6.08,155,75,34,11,4,0
93,siyar bahadurzada,Welterweight,5.92,170,73,35,24,8,1
94,shamar bailey,Lightweight,5.75,155,75,37,12,5,0
95,oluwale bamgbose,Middleweight,5.92,185,78,32,6,4,0
96,marcin bandel,Lightweight,5.83,155,70,30,13,4,0
97,humberto bandenay,Featherweight,5.92,145,71,25,14,7,0
98,tae hyun bang,Lightweight,5.75,155,71,36,18,10,0
99,antonio banuelos,Bantamweight,5.42,135,63,40,19,7,1
100,renan barao,Bantamweight,5.5,135,70,32,36,8,0
101,maycee barber,Women's Flyweight,5.42,125,65,21,8,0,0
102,bryan barberena,Welterweight,6.0,170,72,30,14,7,0
103,edson barboza,Lightweight,5.92,155,75,33,20,8,0
104,raoni barcelos,Bantamweight,5.58,135,67,32,14,1,0
105,luke barnatt,Middleweight,6.5,185,77,31,8,3,0
106,josh barnett,Heavyweight,6.25,250,78,41,35,8,0
107,phil baroni,Middleweight,5.75,170,72,43,14,15,0
108,peter barrett,Lightweight,5.83,155,73,33,8,2,0
109,marc-andre barriault,Middleweight,6.08,185,74,29,11,3,0
110,francimar barroso,Light Heavyweight,6.08,205,75,39,19,7,0
111,pat barry,Heavyweight,5.92,235,74,40,8,7,0
112,enrique barzola,Featherweight,5.58,145,70,30,17,4,1
113,shayna baszler,Women's Bantamweight,5.58,135,67,39,15,10,0
114,danaa batgerel,Women's Bantamweight,5.58,135,70,30,6,2,0
115,mario bautista,Bantamweight,5.75,135,69,26,7,1,0
116,chris beal,Bantamweight,5.58,125,69,34,10,3,0
117,ariel beck,Women's Flyweight,5.5,125,66,29,4,5,0
118,johnny bedford,Bantamweight,5.83,135,71,36,19,13,1
119,chase beebe,Bantamweight,5.58,135,67,34,19,8,1
120,mirsad bektic,Featherweight,5.67,145,70,28,13,2,0
121,diana belbita,Women's Flyweight,5.58,125,68,23,13,5,0
122,alan belcher,Middleweight,6.17,185,73,35,17,7,0
123,vitor belfort,Middleweight,6.0,185,74,42,26,14,0
124,danilo belluardo,Lightweight,6.0,155,74,25,12,5,0
125,joey beltran,Heavyweight,6.08,185,75,37,15,9,0
126,marco beltran,Catch Weight,5.67,125,69,33,8,7,0
127,joseph benavidez,Flyweight,5.33,125,65,35,28,5,0
128,gabriel benitez,Featherweight,5.67,145,71,31,21,8,0
129,deanna bennett,Women's Flyweight,5.33,125,68,34,8,3,1
130,lance benoist,Welterweight,5.92,170,73,31,7,2,0
131,ryan benoit,Flyweight,5.42,125,68,30,10,5,0
132,kenneth bergh,Light Heavyweight,6.17,205,76,30,6,0,0
133,keith berish,Middleweight,6.0,205,73,33,5,1,0
134,dennis bermudez,Lightweight,5.5,155,66,32,18,9,0
135,manny bermudez,Bantamweight,5.83,145,71,25,14,2,0
136,talita bernardo,Women's Bantamweight,5.33,135,68,32,6,4,0
137,matt bessette,Featherweight,5.83,145,70,34,22,9,0
138,arjan bhullar,Heavyweight,6.08,245,75,33,9,1,0
139,magomed bibulatov,Flyweight,5.42,125,65,31,14,2,0
140,david bielkheden,Lightweight,5.83,155,71,40,16,9,0
141,anthony birchak,Bantamweight,5.67,135,69,33,13,3,0
142,chris birchler,Light Heavyweight,6.25,205,79,32,7,3,0
143,michael bisping,Middleweight,6.08,185,75,40,31,9,0
144,jan blachowicz,Light Heavyweight,6.17,205,78,36,24,8,0
145,brad blackburn,Welterweight,5.83,170,73,42,18,13,1
146,maximo blanco,Featherweight,5.67,145,71,36,12,8,1
147,curtis blaydes,Heavyweight,6.33,265,80,28,12,2,0
148,byron bloodworth,Bantamweight,5.67,135,69,36,6,3,0
149,mark bocek,Lightweight,5.67,155,75,38,12,5,0
150,kyle bochniak,Featherweight,5.58,145,70,32,8,5,0
151,james bochnovic,Middleweight,6.33,205,81,30,8,3,0
152,tim boetsch,Middleweight,6.0,185,74,38,21,13,0
153,galore bofando,Welterweight,5.92,170,72,37,5,3,0
154,stephan bonnar,Light Heavyweight,6.33,205,78,42,17,8,0
155,rogerio bontorin,Flyweight,5.42,125,67,27,16,1,0
156,ray borg,Bantamweight,5.33,135,63,26,12,4,0
157,tanner boser,Heavyweight,6.17,255,75,28,17,5,1
158,steve bosse,Light Heavyweight,5.92,205,72,38,12,2,0
159,poliana botelho,Women's Strawweight,5.67,115,67,30,8,2,0
160,brian bowles,Bantamweight,5.58,135,70,39,10,3,0
161,roger bowling,Lightweight,5.75,155,68,36,11,5,0
162,kyle bradley,Lightweight,5.75,155,71,37,15,8,0
163,sean brady,Welterweight,5.83,170,72,26,11,0,0
164,ramiz brahimaj,Welterweight,5.83,170,73,26,8,2,0
165,david branch,Middleweight,6.08,185,78,38,22,6,0
166,diego brandao,Featherweight,5.58,145,68,32,24,11,0
167,martin bravo,Featherweight,5.67,145,71,26,12,3,0
168,tom breese,Welterweight,6.25,185,73,28,11,1,0
169,charlie brenneman,Lightweight,5.83,155,72,38,19,8,0
170,marcos brigagao,Light Heavyweight,6.25,205,76,23,11,1,0
171,jason brilz,Light Heavyweight,5.92,205,71,44,18,5,1
172,marcus brimage,Bantamweight,5.33,135,71,34,7,5,0
173,henry briones,Bantamweight,5.67,135,69,39,19,8,1
174,antwain britt,Light Heavyweight,6.08,205,77,41,11,5,0
175,jonathan brookins,Featherweight,6.0,145,73,34,14,6,0
176,will brooks,Lightweight,5.83,155,72,33,18,4,0
177,cm punk,Welterweight,6.08,170,73,40,0,2,0
178,jarred brooks,Flyweight,5.25,125,62,26,14,2,0
179,rob broughton,Heavyweight,6.17,265,74,36,15,7,1
180,matt brown,Welterweight,6.0,170,75,38,23,16,0
181,mike brown,Featherweight,5.5,145,70,44,26,9,0
182,randy brown,Welterweight,6.25,170,78,29,11,3,0
183,damien brown,Lightweight,5.83,155,68,34,17,12,0
184,tj brown,Featherweight,5.75,145,72,29,13,6,0
185,humberto brown,Featherweight,5.83,145,71,34,4,5,0
186,travis browne,Heavyweight,6.5,255,79,37,18,7,1
187,fernando bruno,Featherweight,5.5,145,70,37,16,4,0
188,derek brunson,Middleweight,6.08,185,77,35,20,7,0
189,dennis bryant,Light Heavyweight,6.0,205,72,34,5,1,0
190,justin buchholz,Lightweight,6.0,155,73,36,12,6,0
191,julia budd,Women's Featherweight,5.58,145,67,36,3,1,0
192,mike budnik,Featherweight,5.75,145,68,45,11,4,0
193,paul buentello,Heavyweight,6.17,245,77,45,29,14,0
194,wuliji buren,Bantamweight,5.75,135,69,30,10,7,0
195,shane burgos,Featherweight,5.92,145,75,28,12,1,0
196,joshua burkman,Welterweight,5.83,170,72,39,29,17,0
197,mads burnell,Featherweight,5.67,145,69,25,9,3,0
198,kevin burns,Welterweight,5.83,170,74,39,9,5,0
199,gilbert burns,Lightweight,5.83,155,71,33,17,3,0
200,herbert burns,Featherweight,5.75,145,74,31,8,2,0
201,nah-shon burrell,Welterweight,5.92,170,73,29,9,3,0
202,martin buschkamp,Featherweight,5.75,145,70,28,9,0,0
203,bubba bush,Middleweight,6.0,185,73,34,8,3,0
204,jp buys,Flyweight,5.5,125,66,23,4,1,0
205,charles byrd,Middleweight,5.83,185,73,36,10,6,0
206,yan cabral,Lightweight,5.92,155,73,36,12,3,0
207,alex caceres,Featherweight,5.83,145,73,31,15,12,0
208,priscila cachoeira,Women's Flyweight,5.58,125,65,31,8,3,0
209,joanne calderwood,Women's Flyweight,5.5,125,65,33,14,4,0
210,cynthia calvillo,Women's Strawweight,5.33,115,64,32,8,1,0
211,frank camacho,Lightweight,5.83,170,73,30,22,7,0
212,fabricio camoes,Lightweight,5.83,155,73,40,14,9,1
213,chris camozzi,Middleweight,6.17,185,76,32,24,13,0
214,brian camozzi,Welterweight,6.17,170,78,28,7,5,0
215,shane campbell,Lightweight,6.0,155,71,32,12,6,0
216,will campuzano,Flyweight,5.75,125,70,33,13,6,0
217,aleksa camur,Light Heavyweight,6.08,205,75,24,4,0,0
218,chico camus,Bantamweight,5.5,125,66,34,14,7,0
219,carlos candelario,Flyweight,5.67,125,67,28,6,0,0
220,luiz cane,Middleweight,6.17,185,77,38,12,5,0
221,guido cannetti,Bantamweight,5.5,135,68,39,8,5,0
222,jared cannonier,Middleweight,5.92,185,77,35,13,4,0
223,steve cantwell,Middleweight,6.17,185,75,32,7,6,0
224,phil caracappa,Bantamweight,5.67,135,70,27,8,1,0
225,bryan caraway,Bantamweight,5.67,135,68,35,21,10,0
226,chris cariaso,Flyweight,5.25,125,63,38,17,8,0
227,antonio carlos junior,Middleweight,6.17,185,79,29,11,4,0
228,francis carmont,Middleweight,6.25,205,78,38,23,10,0
229,liz carmouche,Women's Flyweight,5.5,125,66,35,13,7,0
230,roan carneiro,Welterweight,5.92,170,74,41,21,11,0
231,renato moicano,Featherweight,5.92,145,72,30,13,3,1
232,ariane carnelossi,Women's Strawweight,5.17,115,61,26,12,2,0
233,luana carolina,Women's Flyweight,5.5,125,69,26,6,1,0
234,cain carrizosa,Lightweight,5.67,155,74,33,6,2,0
235,antonio carvalho,Featherweight,5.75,145,68,40,15,6,0
236,shane carwin,Heavyweight,6.17,265,80,44,12,2,0
237,johnny case,Lightweight,5.83,155,72,30,22,6,0
238,kevin casey,Middleweight,5.92,185,77,38,9,5,1
239,cortney casey,Women's Strawweight,5.58,115,67,32,8,7,0
240,john castaneda,Bantamweight,5.58,135,70,27,13,2,0
241,danny castillo,Lightweight,5.75,155,71,40,17,10,0
242,nick catone,Middleweight,6.0,185,72,38,10,4,0
243,gesias cavalcante,Lightweight,5.67,155,71,36,16,5,1
244,rafael feijao,Light Heavyweight,6.08,205,73,39,12,7,0
245,magnus cedenblad,Middleweight,6.42,185,79,37,14,5,0
246,yosdenis cedeno,Lightweight,5.67,155,69,34,10,5,1
247,henry cejudo,Bantamweight,5.33,135,64,32,15,2,0
248,adam cella,Middleweight,6.17,170,78,34,4,2,0
249,donald cerrone,Welterweight,6.08,155,73,36,36,13,0
250,luan chagas,Welterweight,6.0,170,75,26,15,3,1
251,alex chambers,Women's Strawweight,5.25,115,63,40,5,5,0
252,ernest chavez,Lightweight,5.67,145,70,36,8,2,0
253,mark cherico,Featherweight,5.58,145,69,33,11,1,0
254,macy chiasson,Women's Bantamweight,5.92,135,72,28,6,1,0
255,michael chiesa,Lightweight,6.08,170,75,31,16,4,0
256,giga chikadze,Women's Featherweight,6.0,145,74,31,8,1,1
257,dooho choi,Featherweight,5.83,145,70,28,14,3,0
258,seungwoo choi,Featherweight,6.0,145,74,26,7,3,0
259,john cholish,Lightweight,5.92,155,72,35,8,3,0
260,ryo chonan,Welterweight,5.75,170,70,43,20,12,0
261,katlyn chookagian,Women's Flyweight,5.75,125,68,30,12,2,0
262,will chope,Featherweight,6.33,145,76,29,19,6,0
263,joachim christensen,Light Heavyweight,6.25,205,76,40,14,6,0
264,anthony christodoulou,Lightweight,5.75,155,72,32,12,6,0
265,hannah cifers,Women's Strawweight,5.08,115,62,27,10,3,0
266,misha cirkunov,Light Heavyweight,6.25,205,77,32,15,5,0
267,heather jo clark,Women's Strawweight,5.5,115,64,39,7,6,0
268,devin clark,Light Heavyweight,6.0,205,75,29,10,4,0
269,jessica-rose clark,Women's Flyweight,5.42,125,64,31,9,5,0
270,mitch clarke,Lightweight,5.83,155,73,33,11,5,0
271,rich clementi,Lightweight,5.75,155,72,43,40,20,1
272,chris clements,Welterweight,5.83,170,70,43,12,6,0
273,josh clopton,Featherweight,5.5,145,68,38,6,2,1
274,marloes coenen,Featherweight,5.75,145,67,38,21,5,0
275,john cofer,Lightweight,5.75,155,73,35,7,4,0
276,felipe colares,Featherweight,5.67,135,69,25,9,1,0
277,mark coleman,Light Heavyweight,6.08,205,75,54,16,10,0
278,clay collard,Featherweight,5.92,145,73,26,14,7,0
279,jamie colleen,Women's Strawweight,5.25,115,65,33,4,1,0
280,jake collier,Light Heavyweight,6.25,205,78,30,11,4,0
281,christian colombo,Heavyweight,6.42,265,80,39,8,3,1
282,carlos condit,Welterweight,6.17,170,75,35,30,13,0
283,tristan connelly,Welterweight,5.83,170,68,33,14,6,0
284,amanda cooper,Women's Strawweight,5.25,115,64,28,4,5,0
285,chris cope,Welterweight,6.0,170,72,36,5,4,0
286,josh copeland,Heavyweight,6.08,265,75,37,9,2,0
287,michael cora,Welterweight,6.08,170,77,30,4,1,0
288,akira corassani,Featherweight,5.67,145,68,37,14,7,0
289,daniel cormier,Heavyweight,5.92,235,72,40,22,2,0
290,bethe correia,Women's Bantamweight,5.42,135,64,36,11,4,1
291,randy costa,Bantamweight,5.75,135,73,25,5,1,0
292,patrick cote,Welterweight,5.92,170,71,39,24,11,0
293,jc cottrell,Lightweight,5.75,155,71,29,17,5,0
294,jr coughran,Featherweight,5.5,145,71,25,6,1,0
295,rashad coulter,Heavyweight,5.92,205,76,37,9,4,0
296,randy couture,Heavyweight,6.08,205,75,56,19,11,0
297,ryan couture,Lightweight,5.83,155,75,37,7,3,0
298,colby covington,Welterweight,5.92,170,72,31,15,1,0
299,nathan coy,Welterweight,5.83,170,69,41,15,7,0
300,andrew craig,Welterweight,6.08,170,76,33,9,4,0
301,paul craig,Light Heavyweight,6.25,205,76,31,12,4,0
302,tim credeur,Middleweight,6.25,185,75,42,12,4,0
303,allen crowder,Heavyweight,6.25,245,76,29,10,4,0
304,daron cruickshank,Lightweight,5.67,155,72,34,16,8,0
305,jimmy crute,Light Heavyweight,6.17,205,74,23,10,1,0
306,dominick cruz,Bantamweight,5.67,135,68,34,22,2,0
307,aalon cruz,Featherweight,6.0,145,78,30,7,2,0
308,zak cummings,Middleweight,6.0,185,75,35,23,7,0
309,patrick cummins,Light Heavyweight,6.17,205,76,38,10,7,0
310,luke cummo,Welterweight,6.0,170,74,39,6,6,0
311,alton cunningham,Light Heavyweight,6.17,205,77,26,7,1,0
312,jeff curran,Bantamweight,5.5,135,69,42,35,15,1
313,kailin curran,Women's Strawweight,5.33,115,65,28,4,6,0
314,ion cutelaba,Light Heavyweight,6.08,205,75,25,15,4,0
315,jussier formiga,Flyweight,5.42,125,67,34,23,6,0
316,claudio silva,Welterweight,5.92,170,71,37,14,1,0
317,henrique da silva,Light Heavyweight,6.25,205,76,30,14,5,0
318,alex da silva,Lightweight,5.67,155,73,23,21,2,0
319,nicolas dalby,Welterweight,5.92,170,74,34,18,3,1
320,paul daley,Welterweight,5.75,170,76,36,31,11,2
321,aisling daly,Women's Strawweight,5.17,115,64,31,16,6,0
322,rodrigo damm,Lightweight,5.58,155,71,39,12,9,0
323,cindy dandois,Women's Bantamweight,5.58,135,68,34,8,3,0
324,jarjis danho,Heavyweight,6.25,265,74,36,6,1,1
325,mac danzig,Lightweight,5.67,155,70,39,22,12,1
326,karen darabedyan,Lightweight,5.58,155,68,32,9,4,0
327,beneil dariush,Lightweight,5.83,155,72,30,16,4,1
328,kyle daukaus,Middleweight,6.25,185,76,26,6,0,0
329,marcus davis,Welterweight,5.83,170,70,46,20,9,0
330,lc davis,Bantamweight,5.67,135,69,38,17,4,0
331,phil davis,Light Heavyweight,6.17,205,79,35,13,3,0
332,alexis davis,Women's Flyweight,5.5,125,68,35,19,10,0
333,brandon davis,Bantamweight,5.83,135,72,29,10,8,0
334,mike davis,Lightweight,6.0,155,72,27,8,2,0
335,hakeem dawodu,Featherweight,5.67,145,73,28,10,1,1
336,grant dawson,Featherweight,5.83,145,72,25,14,1,0
337,jason day,Middleweight,6.0,185,72,38,19,12,0
338,martin day,Bantamweight,5.83,135,73,30,8,3,0
339,yorgan de castro,Heavyweight,6.0,250,74,32,6,0,0
340,geraldo de freitas,Featherweight,5.58,135,72,28,12,5,0
341,philip de fries,Heavyweight,6.42,250,82,33,9,3,0
342,chris de la rocha,Heavyweight,6.25,250,80,40,5,3,0
343,montana de la rosa,Women's Flyweight,5.58,125,68,24,10,5,0
344,mark de la rosa,Bantamweight,5.5,135,65,25,11,3,0
345,mike de la torre,Featherweight,5.92,145,71,33,14,7,0
346,rodrigo de lima,Lightweight,5.58,155,75,28,8,3,1
347,jorge de oliveira,Lightweight,5.67,155,71,39,7,2,0
348,germaine de randamie,Women's Bantamweight,5.75,135,71,35,9,3,0
349,tom deblass,Middleweight,6.0,185,75,37,7,2,0
350,shane del rosario,Heavyweight,6.33,250,79,36,11,2,0
351,rolando delgado,Lightweight,6.25,155,77,37,11,5,1
352,roland delorme,Bantamweight,5.75,135,71,35,9,4,0
353,jon delos reyes,Flyweight,5.5,125,67,32,8,5,0
354,chris dempsey,Light Heavyweight,5.83,185,72,32,11,4,0
355,jason dent,Lightweight,5.83,155,71,39,21,12,0
356,mackenzie dern,Women's Strawweight,5.33,115,63,26,7,1,0
357,tony desouza,Welterweight,6.0,170,70,45,10,4,0
358,alessio di chirico,Middleweight,6.0,185,74,29,12,4,0
359,micol di segni,Women's Strawweight,5.25,115,60,31,7,2,0
360,cyrille diabate,Light Heavyweight,6.5,205,81,46,20,10,3
361,marc diakiese,Lightweight,5.83,155,73,26,14,3,0
362,tyler diamond,Featherweight,5.58,145,69,28,9,2,0
363,hacran dias,Lightweight,5.67,155,69,35,23,6,1
364,nick diaz,Welterweight,6.08,185,76,36,26,9,0
365,nate diaz,Welterweight,6.0,170,76,34,21,11,0
366,seth dikun,Bantamweight,5.83,135,69,39,7,4,0
367,tj dillashaw,Bantamweight,5.5,125,67,33,17,4,0
368,rico disciullo,Bantamweight,5.67,135,71,33,9,1,0
369,russell doane,Bantamweight,5.58,135,70,33,15,8,0
370,drew dober,Lightweight,5.67,155,70,31,21,9,0
371,shana dobson,Women's Flyweight,5.5,125,69,30,3,3,0
372,john dodson,Bantamweight,5.25,135,66,35,21,11,0
373,joe doerksen,Middleweight,6.0,185,75,42,47,16,0
374,cb dollaway,Middleweight,6.17,185,76,36,18,10,0
375,cody donovan,Light Heavyweight,6.25,205,74,38,8,5,0
376,rafael dos anjos,Welterweight,5.67,170,70,34,29,12,0
377,junior dos santos,Heavyweight,6.33,238,77,35,21,6,0
378,antonio dos santos,Middleweight,5.83,185,72,31,6,3,0
379,anderson dos santos,Featherweight,5.42,135,70,34,20,8,0
380,tiago trator,Featherweight,5.75,145,70,32,20,6,2
381,danny downes,Lightweight,6.0,155,72,33,8,3,0
382,tomasz drwal,Middleweight,6.08,205,76,37,19,4,1
383,robert drysdale,Light Heavyweight,6.25,205,78,38,6,0,0
384,milana dudieva,Women's Bantamweight,5.25,135,61,30,11,5,0
385,todd duffee,Heavyweight,6.25,260,78,33,9,3,0
386,joe duffy,Lightweight,5.83,155,73,31,16,4,0
387,alexis dufresne,Women's Bantamweight,5.75,135,68,29,5,4,0
388,jessamyn duke,Women's Bantamweight,5.92,135,73,33,3,3,0
389,evan dunham,Lightweight,5.83,155,70,37,18,8,1
390,tom duquesnoy,Bantamweight,5.58,135,68,26,16,2,0
391,reuben duran,Bantamweight,5.58,135,69,36,8,5,1
392,luiz dutra,Welterweight,5.92,170,71,37,11,4,1
393,rilley dutro,Flyweight,5.67,125,70,32,14,3,0
394,merab dvalishvili,Bantamweight,5.5,135,68,28,9,4,0
395,matt dwyer,Welterweight,6.33,170,76,29,8,4,0
396,rolando dy,Featherweight,5.67,145,69,29,9,7,1
397,cody east,Heavyweight,6.25,245,74,31,12,3,0
398,marvin eastman,Middleweight,5.75,185,73,48,17,14,1
399,mike easton,Bantamweight,5.5,135,70,35,13,5,0
400,brian ebersole,Welterweight,6.0,170,73,38,51,17,1
401,mark eddiva,Featherweight,5.67,145,68,33,6,3,0
402,frankie edgar,Featherweight,5.5,145,68,38,22,7,1
403,abdul-kerim edilov,Light Heavyweight,6.17,205,78,27,17,4,0
404,johnny eduardo,Bantamweight,5.58,135,71,41,28,12,0
405,yves edwards,Lightweight,5.75,155,73,43,42,22,1
406,justin edwards,Welterweight,5.83,155,70,36,9,5,0
407,leon edwards,Welterweight,6.17,170,74,28,18,3,0
408,te edwards,Lightweight,5.67,155,72,29,6,3,0
409,darren elkins,Featherweight,5.83,145,71,35,25,8,0
410,jake ellenberger,Welterweight,5.75,170,71,34,31,15,0
411,joe ellenberger,Lightweight,5.75,155,72,34,15,2,0
412,tim elliott,Bantamweight,5.58,135,66,32,16,9,1
413,lisa ellis,Women's Strawweight,5.33,115,62,36,15,10,0
414,anna elmose,Women's Strawweight,5.25,115,65,35,3,2,0
415,ramazan emeev,Welterweight,5.83,170,76,32,18,3,0
416,fedor emelianenko,Heavyweight,6.0,230,74,43,34,4,0
417,rob emerson,Lightweight,5.75,155,70,38,11,10,0
418,jamall emmers,Featherweight,5.83,145,74,30,13,3,0
419,josh emmett,Featherweight,5.5,145,70,34,15,2,0
420,oliver enkamp,Welterweight,6.0,170,77,28,7,2,0
421,alex enlund,Featherweight,5.83,145,73,32,14,2,0
422,ian entwistle,Bantamweight,5.42,135,64,32,9,3,0
423,andy enz,Middleweight,6.25,185,78,28,8,3,0
424,konstantin erokhin,Heavyweight,5.92,230,73,36,9,3,0
425,julian erosa,Featherweight,6.08,145,74,30,22,9,0
426,cole escovedo,Bantamweight,5.58,135,72,38,17,8,0
427,efrain escudero,Lightweight,5.75,155,70,33,25,11,0
428,carla esparza,Women's Strawweight,5.08,115,63,32,16,6,0
429,juan espino,Heavyweight,6.33,250,82,39,10,1,0
430,jordan espinosa,Flyweight,5.5,125,69,29,14,6,0
431,jodie esquibel,Women's Strawweight,5.08,115,64,33,6,6,0
432,terry etim,Lightweight,6.08,155,73,33,15,5,0
433,sijara eubanks,Women's Flyweight,5.33,135,67,34,5,4,0
434,billy evangelista,Lightweight,5.67,155,68,39,11,2,0
435,rashad evans,Light Heavyweight,6.0,205,75,40,24,8,1
436,ashlee evans-smith,Women's Flyweight,5.67,125,67,32,6,4,0
437,tonya evinger,Women's Bantamweight,5.58,135,70,38,19,8,0
438,movsar evloev,Featherweight,5.58,145,72,25,11,0,0
439,andre ewell,Bantamweight,5.67,135,75,31,15,6,0
440,jessica eye,Women's Bantamweight,5.5,125,66,33,14,7,0
441,urijah faber,Bantamweight,5.5,135,67,40,35,10,0
442,melinda fabian,Women's Flyweight,5.5,125,66,32,4,4,2
443,wagnney fabiano,Featherweight,5.5,145,69,44,14,3,0
444,bartosz fabinski,Middleweight,6.0,170,75,33,14,3,0
445,zarah fairn,Featherweight,5.67,145,72,32,6,3,0
446,rico farrington,Welterweight,6.33,170,79,30,7,2,0
447,kelly faszholz,Women's Bantamweight,5.67,135,67,34,3,2,0
448,paul felder,Welterweight,5.92,155,70,35,17,4,0
449,tony ferguson,Lightweight,5.92,155,76,35,26,3,0
450,josh ferguson,Flyweight,5.42,125,66,31,7,5,0
451,cezar ferreira,Middleweight,6.08,185,78,34,14,8,0
452,diego ferreira,Lightweight,5.75,155,74,34,16,2,0
453,drew fickett,Welterweight,5.83,155,70,39,41,16,0
454,deiveson figueiredo,Flyweight,5.42,125,68,31,17,1,0
455,edwin figueroa,Bantamweight,5.58,135,69,35,9,4,0
456,andre fili,Featherweight,5.92,145,74,29,20,6,0
457,mirko cro cop,Heavyweight,6.17,230,73,45,31,11,2
458,luigi fioravanti,Welterweight,5.67,170,70,38,22,11,0
459,spencer fisher,Lightweight,5.58,155,70,43,25,9,0
460,chris fishgold,Featherweight,5.67,145,68,27,18,3,1
461,jon fitch,Welterweight,6.0,170,76,41,27,5,1
462,rafael fiziev,Lightweight,5.67,155,71,26,6,1,0
463,colin fletcher,Lightweight,6.17,155,78,36,9,3,0
464,kenny florian,Featherweight,5.83,145,74,43,14,6,0
465,caros fodor,Lightweight,5.75,155,76,35,7,3,0
466,rob font,Bantamweight,5.67,135,71,32,16,4,0
467,jesse forbes,Middleweight,6.17,185,75,35,15,5,0
468,renee forte,Lightweight,5.58,155,71,32,8,4,0
469,marcel fortuna,Light Heavyweight,6.08,205,74,34,9,3,0
470,brian foster,Welterweight,5.75,170,71,35,18,5,0
471,hermes franca,Lightweight,5.5,155,71,45,22,12,0
472,glaico franca,Lightweight,6.0,155,77,28,14,5,0
473,john franchi,Featherweight,5.5,145,67,37,6,2,0
474,rich franklin,Middleweight,6.08,185,75,45,29,7,0
475,justin frazier,Heavyweight,6.0,265,75,30,11,3,0
476,matt frevola,Lightweight,5.75,155,71,29,8,1,1
477,sarah frota,Women's Strawweight,5.5,125,69,32,9,2,0
478,riki fukuda,Middleweight,6.0,185,73,38,19,7,0
479,masio fullen,Featherweight,5.83,145,70,33,10,6,0
480,ricardo funch,Welterweight,5.83,170,76,39,8,4,0
481,claudia gadelha,Women's Strawweight,5.33,115,63,30,17,4,0
482,justin gaethje,Lightweight,5.92,155,70,30,21,2,0
483,sheila gaff,Women's Bantamweight,5.42,135,62,29,10,6,1
484,mitch gagnon,Bantamweight,5.42,135,65,35,12,5,0
485,mickey gall,Welterweight,6.17,170,74,27,6,2,0
486,tom gallicchio,Welterweight,5.83,170,73,33,19,11,0
487,manvel gamburyan,Bantamweight,5.42,135,67,38,18,11,0
488,ciryl gane,Heavyweight,6.33,245,81,29,4,0,0
489,eduardo garagorri,Featherweight,5.75,145,70,30,13,0,0
490,cody garbrandt,Bantamweight,5.67,135,65,28,11,3,0
491,leonard garcia,Featherweight,5.83,145,69,40,19,11,1
492,edgar garcia,Welterweight,5.83,170,71,35,14,5,0
493,alex garcia,Welterweight,5.75,170,72,32,15,6,0
494,steve garcia,Bantamweight,6.0,135,75,27,9,3,0
495,elias garcia,Flyweight,5.42,125,67,27,6,2,0
496,pablo garza,Featherweight,6.08,145,73,36,13,4,0
497,azamat gashimov,Flyweight,5.5,125,66,29,10,3,0
498,kelvin gastelum,Middleweight,5.75,185,71,28,16,4,0
499,willie gates,Flyweight,5.67,125,70,32,12,7,0
500,louis gaudinot,Flyweight,5.25,125,63,35,6,4,0
501,chad george,Bantamweight,5.5,135,68,37,13,6,0
502,karine gevorgyan,Women's Flyweight,5.33,125,63,30,3,3,0
503,christos giagos,Lightweight,5.83,155,71,29,17,8,0
504,joe giannetti,Lightweight,6.0,155,74,24,7,1,0
505,cody gibson,Bantamweight,5.83,135,71,32,12,6,0
506,thomas gifford,Lightweight,6.08,155,75,27,17,9,0
507,joe gigliotti,Middleweight,5.92,185,69,26,7,2,0
508,trevin giles,Light Heavyweight,6.0,185,74,27,11,2,0
509,gregor gillespie,Lightweight,5.58,155,71,32,13,0,0
510,alex gilpin,Featherweight,5.58,145,72,27,11,1,0
511,rick glenn,Featherweight,6.0,145,70,30,21,6,1
512,mark godbeer,Heavyweight,6.33,240,77,35,13,4,0
513,hannah goldy,Women's Flyweight,5.33,125,61,27,5,1,0
514,marcelo golm,Heavyweight,6.25,249,75,27,6,3,0
515,frank gomez,Bantamweight,5.83,135,67,33,10,4,0
516,ulysses gomez,Flyweight,5.5,125,66,36,9,4,0
517,joey gomez,Bantamweight,5.83,155,71,30,7,1,0
518,luis gomez,Featherweight,5.58,145,68,24,4,1,0
519,takanori gomi,Lightweight,5.58,155,70,41,35,14,0
520,akihiro gono,Welterweight,5.58,170,68,45,32,16,7
521,gabriel gonzaga,Heavyweight,6.17,242,76,40,17,11,0
522,justin gonzales,Featherweight,5.75,145,72,28,9,0,0
523,fernando gonzalez,Welterweight,5.75,170,68,36,19,11,0
524,lewis gonzalez,Welterweight,5.83,170,73,32,10,2,0
525,jason gonzalez,Lightweight,6.17,155,74,29,11,5,0
526,pearl gonzalez,Women's Strawweight,5.33,115,68,33,6,3,0
527,lyman good,Welterweight,6.0,170,74,34,20,5,0
528,eddie gordon,Middleweight,6.0,185,76,36,8,4,0
529,jared gordon,Lightweight,5.75,155,68,31,15,3,0
530,tebaris gordon,Heavyweight,6.08,265,78,31,3,1,0
531,alex gorgees,Lightweight,6.17,155,74,24,7,1,0
532,tim gorman,Bantamweight,5.42,135,68,36,9,4,0
533,jonathan goulet,Welterweight,6.0,170,73,40,23,12,0
534,thibault gouti,Lightweight,5.83,155,72,32,12,5,0
535,wilson gouveia,Middleweight,6.08,185,76,41,12,8,0
536,damian grabowski,Heavyweight,6.08,241,75,39,20,5,0
537,roger gracie,Middleweight,6.33,185,79,38,6,2,0
538,kron gracie,Featherweight,5.75,145,70,31,5,1,0
539,miranda granger,Women's Flyweight,5.58,125,68,27,7,0,0
540,tj grant,Lightweight,5.83,155,72,35,21,5,0
541,davey grant,Bantamweight,5.67,135,69,33,10,4,0
542,dwight grant,Welterweight,6.08,170,76,35,10,2,0
543,alexa grasso,Women's Strawweight,5.42,115,66,26,11,3,0
544,michael graves,Welterweight,5.83,170,71,28,6,0,1
545,shelton graves,Heavyweight,6.17,255,76,34,7,3,0
546,kevin gray,Flyweight,5.33,125,67,34,9,4,0
547,bobby green,Lightweight,5.83,155,71,33,24,9,1
548,desmond green,Lightweight,5.83,155,73,30,23,8,0
549,maurice greene,Heavyweight,6.58,258,80,33,8,3,0
550,matt grice,Lightweight,5.67,145,70,38,15,5,0
551,forrest griffin,Light Heavyweight,6.25,205,77,40,19,7,0
552,tyson griffin,Featherweight,5.5,145,68,35,15,6,0
553,max griffin,Welterweight,5.92,170,76,33,15,7,0
554,jordan griffin,Featherweight,5.83,145,73,29,17,7,0
555,chad griggs,Light Heavyweight,6.08,205,73,41,11,3,0
556,josh grispi,Featherweight,5.92,145,74,31,14,5,0
557,garrett gross,Lightweight,5.75,155,69,31,11,6,0
558,kendall grove,Middleweight,6.5,185,79,36,13,10,0
559,chris gruetzemacher,Lightweight,5.67,155,68,33,14,3,0
560,vik grujic,Welterweight,5.92,170,73,42,7,6,0
561,mike grundy,Featherweight,5.58,145,72,32,12,1,0
562,wang guan,Featherweight,5.75,145,71,33,20,1,1
563,nandor guelmino,Heavyweight,6.25,230,76,43,11,5,1
564,shannon gugerty,Lightweight,5.83,155,71,37,14,6,0
565,clay guida,Lightweight,5.58,155,70,37,35,16,0
566,melvin guillard,Lightweight,5.75,155,68,36,48,15,3
567,marcelo guimaraes,Middleweight,6.0,185,73,36,9,2,1
568,leonardo augusto leleco,Middleweight,6.0,185,73,37,11,3,0
569,john gunderson,Lightweight,5.75,155,69,40,32,12,2
570,john gunther,Lightweight,5.75,155,72,33,7,2,0
571,jorge gurgel,Lightweight,5.58,155,69,42,14,9,0
572,alexander gustafsson,Light Heavyweight,6.42,205,79,32,18,6,0
573,horacio gutierrez,Lightweight,5.83,145,69,29,3,3,0
574,chris gutierrez,Bantamweight,5.75,135,67,28,14,3,0
575,mike guymon,Welterweight,6.0,170,74,45,12,5,1
576,damir hadzovic,Lightweight,5.75,155,70,33,13,5,0
577,tim hague,Heavyweight,6.33,260,76,36,13,5,0
578,yazan hajeh,Featherweight,5.75,145,73,27,6,1,0
579,uriah hall,Middleweight,6.0,185,79,35,16,9,0
580,ryan hall,Lightweight,5.83,145,70,34,8,1,0
581,dennis hallman,Welterweight,5.75,155,72,43,67,14,2
582,piotr hallmann,Lightweight,5.75,155,71,32,15,5,0
583,seohee ham,Women's Strawweight,5.17,115,62,32,16,8,0
584,matt hamill,Light Heavyweight,6.08,205,76,43,12,5,0
585,anthony hamilton,Heavyweight,6.42,260,76,39,15,9,0
586,cj hamilton,Flyweight,5.58,125,68,33,11,4,0
587,jared hamman,Middleweight,6.25,185,75,37,13,6,0
588,nasrat haqparast,Lightweight,5.83,155,72,24,11,2,0
589,antoni hardonk,Heavyweight,6.33,245,78,43,8,6,0
590,dan hardy,Welterweight,6.0,170,74,37,25,10,0
591,greg hardy,Heavyweight,6.42,265,80,31,5,1,0
592,gerald harris,Middleweight,5.92,185,77,39,19,4,0
593,phil harris,Flyweight,5.33,125,64,36,22,12,0
594,walt harris,Heavyweight,6.42,250,77,36,13,7,0
595,collin hart,Middleweight,6.08,185,76,30,4,2,1
596,dale hartt,Lightweight,5.83,155,69,40,6,3,0
597,clay harvison,Welterweight,6.08,170,74,39,9,3,0
598,hayder hassan,Welterweight,5.83,170,70,37,6,3,0
599,john hathaway,Welterweight,6.08,170,75,32,17,2,0
600,phil hawes,Middleweight,6.08,185,70,30,4,1,0
601,tommy hayden,Featherweight,5.75,145,72,33,8,2,0
602,dustin hazelett,Welterweight,6.08,170,76,33,12,7,0
603,james head,Welterweight,6.08,170,73,35,9,4,0
604,pat healy,Lightweight,6.0,155,74,36,31,19,0
605,david heath,Light Heavyweight,5.92,205,72,43,16,7,0
606,chris heatherly,Welterweight,5.75,155,68,31,9,3,0
607,jake hecht,Welterweight,6.0,170,76,35,11,4,0
608,nick hein,Lightweight,5.5,155,66,35,14,5,0
609,ian heinisch,Middleweight,5.92,185,72,31,13,2,0
610,marcin held,Lightweight,5.75,155,71,27,23,7,0
611,dan henderson,Middleweight,5.92,185,74,49,32,15,0
612,benson henderson,Welterweight,5.75,170,70,35,23,5,0
613,johny hendricks,Middleweight,5.75,185,69,36,18,8,0
614,luis henrique,Light Heavyweight,6.17,243,74,26,10,5,0
615,paulo costa,Middleweight,6.08,185,72,28,13,0,0
616,danny henry,Featherweight,6.0,145,73,31,12,3,0
617,ed herman,Light Heavyweight,6.08,205,77,39,25,14,0
618,dave herman,Heavyweight,6.33,242,76,35,21,6,0
619,jack hermansson,Middleweight,6.08,185,77,31,20,5,0
620,junior hernandez,Bantamweight,5.75,135,69,33,14,6,0
621,alexander hernandez,Lightweight,5.75,155,72,27,11,2,0
622,anthony hernandez,Middleweight,6.0,185,75,26,8,1,0
623,nohelin hernandez,Bantamweight,5.83,135,71,25,10,4,0
624,geane herrera,Flyweight,5.42,125,66,29,9,3,0
625,alvaro herrera,Lightweight,6.0,155,74,29,9,6,0
626,felice herrig,Women's Strawweight,5.33,115,65,35,14,8,0
627,heath herring,Heavyweight,6.33,250,78,41,28,14,0
628,clint hester,Middleweight,6.17,205,77,32,11,6,0
629,jimy hettes,Featherweight,5.75,145,71,32,11,3,0
630,marcus hicks,Lightweight,5.5,155,64,43,9,3,0
631,jay hieron,Welterweight,6.0,170,75,43,23,7,0
632,jason high,Welterweight,5.67,155,71,38,19,5,0
633,corey hill,Lightweight,6.33,155,80,41,4,4,0
634,angela hill,Women's Strawweight,5.25,115,64,34,10,7,0
635,tyler hill,Welterweight,6.25,170,78,28,8,1,0
636,jamahal hill,Light Heavyweight,6.33,205,79,28,5,0,0
637,kailan hill,Middleweight,6.08,185,77,24,4,1,0
638,hatsu hioki,Featherweight,5.92,145,70,36,27,9,2
639,kuniyoshi hironaka,Welterweight,5.83,168,70,43,19,8,0
640,mizuto hirota,Lightweight,5.58,155,67,38,19,10,2
641,kwan ho kwak,Bantamweight,5.42,135,70,30,9,2,0
642,matt hobar,Bantamweight,5.83,135,70,32,9,3,0
643,andrew holbrook,Lightweight,5.92,155,70,33,12,3,0
644,chris holdsworth,Bantamweight,5.92,135,71,32,7,0,0
645,kevin holland,Middleweight,6.25,185,81,26,16,5,0
646,roger hollett,Light Heavyweight,5.92,205,70,41,13,5,0
647,max holloway,Lightweight,5.92,145,69,27,21,4,0
648,holly holm,Women's Featherweight,5.67,135,69,38,12,5,0
649,kurt holobaugh,Featherweight,5.92,155,70,33,17,7,0
650,paddy holohan,Flyweight,5.83,125,69,31,12,2,1
651,scott holtzman,Lightweight,5.75,155,69,36,13,3,0
652,sabah homasi,Welterweight,6.0,170,72,31,11,8,0
653,mark hominick,Featherweight,5.67,145,68,37,20,12,0
654,barb honchak,Women's Flyweight,5.33,125,65,40,10,5,0
655,dan hooker,Lightweight,6.0,155,75,29,20,8,0
656,darrell horcher,Lightweight,5.83,155,70,32,13,4,0
657,yoshinori horie,Featherweight,5.67,145,70,24,8,2,0
658,kyoji horiguchi,Flyweight,5.42,125,66,29,18,2,0
659,jeremy horn,Middleweight,6.08,185,74,44,88,21,5
660,chris horodecki,Lightweight,5.75,155,69,32,18,3,1
661,jeff hougland,Bantamweight,5.58,135,68,41,10,6,0
662,brian houston,Middleweight,6.17,185,78,38,4,2,0
663,john howard,Welterweight,5.58,170,71,36,23,12,0
664,shane howell,Flyweight,5.67,125,69,35,13,9,0
665,carlos huachin,Bantamweight,5.33,135,67,23,10,5,1
666,austin hubbard,Lightweight,5.83,155,71,27,11,3,0
667,roger huerta,Lightweight,5.75,155,70,36,21,5,1
668,matt hughes,Welterweight,5.75,170,73,46,45,9,0
669,jeff hughes,Heavyweight,6.17,250,77,31,10,2,0
670,mark hunt,Heavyweight,5.83,265,72,45,13,14,1
671,adam hunter,Middleweight,6.08,185,73,36,7,1,0
672,al iaquinta,Lightweight,5.83,155,70,32,14,6,1
673,khadis ibragimov,Light Heavyweight,6.25,205,78,24,8,1,0
674,dan ige,Featherweight,5.58,145,71,28,12,2,0
675,zelim imadaev,Welterweight,6.0,170,76,24,8,1,0
676,chris indich,Welterweight,5.83,170,73,32,5,3,0
677,guto inocente,Light Heavyweight,6.25,205,77,33,6,4,0
678,naoki inoue,Flyweight,5.75,125,71,22,11,1,0
679,mizuki inoue,Flyweight,5.25,125,65,25,14,5,0
680,james irvin,Light Heavyweight,6.17,205,75,41,15,9,0
681,teruto ishihara,Bantamweight,5.58,135,69,28,11,7,2
682,damir ismagulov,Lightweight,5.75,155,70,28,19,2,0
683,leandro issa,Bantamweight,5.58,135,69,36,13,6,0
684,blagoy ivanov,Heavyweight,5.92,250,73,33,18,2,0
685,yves jabouin,Bantamweight,5.58,135,68,40,20,11,0
686,rampage jackson,Catch Weight,6.08,205,73,41,36,11,0
687,damon jackson,Featherweight,5.92,145,71,31,9,1,1
688,jason jackson,Welterweight,6.08,170,78,28,7,2,0
689,montel jackson,Bantamweight,5.83,135,75,27,8,1,0
690,dustin jacoby,Middleweight,6.33,185,78,31,6,3,0
691,virna jandiroba,Women's Strawweight,5.25,115,64,31,14,1,0
692,ryan janes,Middleweight,6.25,185,76,38,10,3,0
693,josh janousek,Middleweight,5.92,185,73,39,8,1,0
694,dave jansen,Lightweight,5.75,155,73,40,15,3,0
695,keith jardine,Light Heavyweight,6.17,185,76,43,17,10,2
696,brock jardine,Welterweight,5.92,170,73,34,9,3,0
697,rony jason,Featherweight,5.58,145,70,35,15,7,0
698,joanna jedrzejczyk,Women's Strawweight,5.5,125,65,32,16,3,0
699,aaron jeffery,Middleweight,6.17,185,74,26,6,1,0
700,ryan jensen,Middleweight,6.08,185,76,42,15,8,0
701,chanmi jeon,Women's Strawweight,5.42,115,67,22,5,2,0
702,ryan jimmo,Light Heavyweight,6.08,205,73,37,19,5,0
703,sung bin jo,Featherweight,6.0,145,72,27,9,1,0
704,carls john de tomas,Bantamweight,5.42,125,71,23,8,2,0
705,brett johns,Bantamweight,5.58,135,71,27,15,2,0
706,miles johns,Bantamweight,5.58,135,66,25,10,0,0
707,anthony johnson,Light Heavyweight,6.17,205,78,35,22,6,0
708,damarques johnson,Catch Weight,6.08,170,75,37,18,12,0
709,tony johnson,Light Heavyweight,6.17,205,76,36,7,2,0
710,lavar johnson,Heavyweight,6.33,240,82,42,17,7,0
711,demetrious johnson,Flyweight,5.25,125,66,33,27,3,1
712,michael johnson,Featherweight,5.83,155,73,33,20,14,0
713,kajan johnson,Lightweight,5.92,155,75,35,23,14,1
714,dashon johnson,Featherweight,5.58,145,70,31,9,2,0
715,tim johnson,Heavyweight,6.25,265,77,34,12,4,0
716,jordan johnson,Light Heavyweight,6.17,205,79,30,10,0,0
717,taylor johnson,Middleweight,6.0,185,74,28,5,1,0
718,liana jojua,Women's Bantamweight,5.33,135,62,24,7,3,0
719,daniel jolly,Light Heavyweight,6.08,205,75,35,5,2,0
720,jon jones,Light Heavyweight,6.33,205,84,32,25,1,0
721,justin jones,Middleweight,5.92,185,78,32,9,2,0
722,jamelle jones,Light Heavyweight,6.0,205,75,31,7,5,0
723,jocelyn jones-lybarger,Women's Strawweight,5.58,115,64,34,6,4,0
724,shawn jordan,Heavyweight,6.0,260,75,35,18,7,0
725,ivan jorge,Lightweight,5.75,155,73,38,26,5,0
726,scott jorgensen,Bantamweight,5.42,135,66,37,15,12,0
727,krzysztof jotko,Middleweight,6.08,185,77,30,21,4,0
728,alan jouban,Welterweight,6.0,170,73,37,16,7,0
729,charles jourdain,Lightweight,5.75,155,69,23,9,2,0
730,dustin joynson,Heavyweight,6.5,244,78,34,5,0,0
731,luke jumeau,Welterweight,5.92,170,72,31,13,5,0
732,chan sung jung,Featherweight,5.58,145,72,32,15,5,0
733,da un jung,Light Heavyweight,6.33,205,78,25,12,2,0
734,myles jury,Featherweight,5.83,145,73,30,17,4,0
735,cris cyborg,Women's Featherweight,5.67,145,68,34,21,2,0
736,emily peters kagan,Women's Strawweight,5.25,115,66,38,3,3,0
737,sirwan kakai,Bantamweight,5.42,135,66,30,12,3,0
738,martin kampmann,Welterweight,6.0,170,72,37,20,7,0
739,bharat kandare,Featherweight,5.58,135,72,32,5,3,0
740,masanori kanehara,Bantamweight,5.58,135,67,36,25,13,5
741,denis kang,Middleweight,5.92,185,77,42,34,15,2
742,kyung ho kang,Bantamweight,5.75,135,73,32,16,8,0
743,kai kara-france,Flyweight,5.33,125,69,26,20,7,0
744,alex karalexis,Welterweight,5.67,155,66,42,10,6,0
745,impa kasanganay,Middleweight,5.92,185,75,25,5,0,0
746,nadia kassem,Women's Flyweight,5.42,125,66,23,5,2,0
747,yusuke kasuya,Lightweight,5.58,155,67,29,9,3,2
748,brad katona,Bantamweight,5.5,135,64,27,9,2,0
749,calvin kattar,Featherweight,5.92,145,72,31,20,3,0
750,sarah kaufman,Women's Bantamweight,5.42,135,67,34,17,4,0
751,tatsuya kawajiri,Featherweight,5.58,145,69,41,35,10,2
752,julie kedzie,Women's Bantamweight,5.42,135,64,38,16,13,0
753,chris kelades,Flyweight,5.58,125,68,38,9,3,0
754,brian kelleher,Bantamweight,5.5,135,66,33,19,10,0
755,paul kelly,Lightweight,5.75,155,70,35,12,4,0
756,daniel kelly,Middleweight,6.0,185,70,41,13,4,0
757,tim kennedy,Middleweight,5.92,185,74,40,18,6,0
758,steve kennedy,Welterweight,5.92,170,71,36,22,8,0
759,jeremy kennedy,Lightweight,5.92,145,71,27,11,1,0
760,casey kenney,Bantamweight,5.58,135,68,28,13,1,1
761,will kerr,Lightweight,5.83,155,69,37,9,3,0
762,rustam khabilov,Lightweight,5.67,155,73,32,23,4,0
763,sergey khandozhko,Welterweight,6.08,170,74,27,27,5,1
764,alfred khashakyan,Bantamweight,5.67,135,70,31,8,3,0
765,pannie kianzad,Women's Featherweight,5.58,135,66,27,12,5,0
766,katsunori kikuno,Featherweight,5.67,145,66,37,23,8,2
767,jacob kilburn,Featherweight,5.75,145,71,24,6,1,0
768,dong hyun kim,Welterweight,6.17,170,76,37,22,4,1
769,ji yeon kim,Women's Flyweight,5.58,125,72,30,9,2,2
770,jeremy kimball,Light Heavyweight,6.0,205,72,28,15,8,0
771,rob kimmons,Middleweight,5.83,185,73,38,24,8,0
772,dustin kimura,Bantamweight,5.58,135,71,30,12,3,0
773,mike king,Middleweight,6.25,185,75,36,5,1,0
774,kyle kingsbury,Light Heavyweight,6.33,205,76,37,11,6,0
775,kamuela kirk,Women's Featherweight,5.83,145,75,25,9,2,0
776,justine kish,Women's Flyweight,5.42,125,64,31,6,2,0
777,drakkar klose,Lightweight,5.75,155,70,31,11,1,1
778,jason knight,Featherweight,5.83,145,71,27,20,6,0
779,erik koch,Lightweight,5.83,170,71,31,16,6,0
780,syuri kondo,Women's Strawweight,5.33,115,66,30,6,3,0
781,cheick kongo,Heavyweight,6.33,240,82,44,29,9,2
782,josh koscheck,Welterweight,5.83,170,73,41,19,10,0
783,naoyuki kotani,Lightweight,5.67,155,66,37,33,13,7
784,karolina kowalkiewicz,Women's Strawweight,5.25,115,64,34,13,5,0
785,derrick krantz,Welterweight,5.83,170,72,31,24,12,0
786,james krause,Welterweight,6.17,170,73,33,25,8,0
787,pascal krauss,Welterweight,6.08,170,72,32,11,2,0
788,nikita krylov,Light Heavyweight,6.25,205,77,27,26,7,0
789,michael kuiper,Middleweight,6.0,185,73,30,12,3,0
790,anton kuivanen,Lightweight,5.67,155,72,35,17,6,0
791,aleksei kunchenko,Welterweight,5.67,170,70,35,20,1,0
792,kiichi kunimoto,Welterweight,5.83,170,71,38,18,7,2
793,yana kunitskaya,Women's Bantamweight,5.5,135,68,29,12,4,0
794,leo kuntz,Lightweight,5.83,155,74,36,17,3,1
795,mike kyle,Heavyweight,6.33,205,77,39,19,9,1
796,aspen ladd,Women's Bantamweight,5.5,135,66,24,8,1,0
797,ryan laflare,Welterweight,6.08,170,74,36,14,3,0
798,noad lahat,Featherweight,5.75,145,69,35,9,2,0
799,tina lahdemaki,Women's Strawweight,5.17,115,62,31,5,1,0
800,sean lally,Welterweight,6.0,170,74,28,8,2,0
801,ricardo lamas,Featherweight,5.67,145,71,37,19,8,0
802,jason lambert,Light Heavyweight,6.25,185,75,44,25,12,0
803,austen lane,Heavyweight,6.5,245,80,31,4,1,0
804,lina lansberg,Women's Bantamweight,5.58,135,65,37,10,4,0
805,taylor lapilus,Bantamweight,5.5,135,73,27,11,2,0
806,chad laprise,Welterweight,5.83,170,71,33,14,4,0
807,anthony lapsley,Welterweight,5.75,170,71,39,25,7,0
808,lorenz larkin,Welterweight,5.92,170,72,33,18,5,0
809,jeremy larsen,Featherweight,5.83,145,70,35,8,5,0
810,brock larson,Welterweight,5.92,170,71,42,33,6,0
811,bobby lashley,Heavyweight,6.25,255,78,43,7,1,0
812,ilir latifi,Light Heavyweight,5.83,205,73,36,15,7,0
813,jenel lausa,Flyweight,5.42,125,68,31,7,5,0
814,joe lauzon,Lightweight,5.83,155,71,35,28,16,0
815,muhammed lawal,Light Heavyweight,6.0,205,78,38,9,1,0
816,robbie lawler,Welterweight,5.92,170,74,37,28,14,0
817,tom lawlor,Middleweight,6.0,205,74,36,10,6,0
818,justin lawrence,Featherweight,5.67,145,67,29,5,2,0
819,lance lawrence,Featherweight,6.08,145,74,26,5,1,0
820,valmir lazaro,Lightweight,6.0,155,73,34,13,4,0
821,cung le,Middleweight,5.75,185,69,47,9,3,0
822,thanh le,Featherweight,5.75,145,74,34,6,1,0
823,chris leben,Middleweight,5.92,185,74,39,22,11,0
824,mickael lebout,Lightweight,5.92,155,73,32,14,5,1
825,justin ledet,Light Heavyweight,6.33,205,80,31,9,2,0
826,vaughan lee,Bantamweight,5.5,125,66,37,14,11,1
827,kevin lee,Lightweight,5.75,170,77,27,17,5,0
828,rocky lee,Featherweight,5.75,145,68,32,3,2,0
829,andrea lee,Women's Flyweight,5.5,125,69,30,11,3,0
830,cheyden leialoha,Bantamweight,5.67,135,73,25,6,0,0
831,thales leites,Middleweight,6.08,185,78,38,28,9,0
832,amanda lemos,Women's Bantamweight,5.33,135,65,32,6,1,1
833,giacomo lemos,Heavyweight,6.25,247,75,30,6,0,0
834,jesse lennox,Welterweight,5.75,170,72,37,15,3,0
835,nik lentz,Lightweight,5.67,155,68,35,30,10,2
836,brock lesnar,Heavyweight,6.25,265,81,42,5,3,0
837,valerie letourneau,Women's Strawweight,5.58,115,68,36,8,6,0
838,leah letson,Women's Featherweight,5.58,145,71,27,5,2,0
839,marcus levesseur,Lightweight,5.75,155,70,37,22,7,0
840,derrick lewis,Heavyweight,6.25,260,79,34,21,7,0
841,bevon lewis,Middleweight,6.25,185,79,28,6,2,0
842,jingliang li,Welterweight,6.0,170,71,31,17,5,0
843,chuck liddell,Light Heavyweight,6.17,205,76,49,21,8,0
844,hyun gyu lim,Welterweight,6.25,170,77,34,13,7,1
845,juliana lima,Women's Strawweight,5.42,115,65,37,9,5,0
846,dhiego lima,Welterweight,6.17,170,75,30,17,7,0
847,matt lindland,Middleweight,6.0,185,74,49,22,9,0
848,jake lindsey,Lightweight,5.92,155,71,33,9,3,0
849,john lineker,Bantamweight,5.25,135,67,29,31,9,0
850,ariane lipski,Women's Flyweight,5.25,125,67,25,11,5,0
851,dean lister,Middleweight,6.08,185,75,43,11,7,0
852,abner lloveras,Lightweight,5.92,155,71,37,19,8,1
853,artem lobov,Featherweight,5.75,145,65,33,14,15,1
854,dylan lockard,Featherweight,5.75,145,72,27,6,1,0
855,christian lohsen,Lightweight,6.17,155,77,24,7,1,0
856,david loiseau,Middleweight,6.0,185,76,39,20,10,0
857,hector lombard,Middleweight,5.75,185,71,41,34,10,1
858,michael lombardo,Middleweight,6.0,185,72,29,8,1,0
859,loma lookboonmee,Women's Strawweight,5.08,115,61,23,3,1,0
860,dileno lopes,Bantamweight,5.42,135,65,35,19,3,0
861,matthew lopez,Bantamweight,5.58,135,69,32,10,4,0
862,benito lopez,Bantamweight,5.83,135,73,25,10,1,0
863,brendan loughnane,Lightweight,5.83,145,70,29,16,4,0
864,joe lowry,Lightweight,5.83,155,72,29,8,1,0
865,duane ludwig,Welterweight,5.83,170,70,41,29,14,0
866,dalcha lungiambula,Light Heavyweight,5.67,205,76,32,10,1,0
867,vicente luque,Welterweight,5.92,170,75,27,17,6,1
868,travis lutter,Middleweight,5.92,185,75,46,10,6,0
869,zhenhong lv,Featherweight,5.67,145,67,26,18,6,0
870,chris lytle,Welterweight,5.92,170,68,45,31,18,5
871,dong hyun ma,Lightweight,5.92,155,70,31,16,10,3
872,william patolino,Welterweight,5.92,170,75,28,8,3,0
873,jason macdonald,Middleweight,6.25,185,80,44,26,16,0
874,rob macdonald,Light Heavyweight,6.25,205,78,41,5,4,0
875,rory macdonald,Welterweight,6.0,170,76,30,18,4,0
876,ryan macdonald,Bantamweight,5.92,135,71,26,10,2,0
877,veronica macedo,Women's Flyweight,5.33,125,64,23,6,3,1
878,lyoto machida,Middleweight,6.08,185,74,41,24,8,0
879,reza madadi,Lightweight,5.92,155,72,41,14,6,0
880,don madge,Lightweight,6.0,155,72,28,9,3,1
881,jon madsen,Heavyweight,6.0,240,72,39,7,1,0
882,mark madsen,Lightweight,5.67,155,72,35,9,0,0
883,yoshiro maeda,Featherweight,5.58,139,68,37,28,12,2
884,leonardo mafra,Lightweight,5.83,155,70,30,12,3,0
885,vinny magalhaes,Light Heavyweight,6.25,205,79,35,11,7,0
886,caio magalhaes,Middleweight,6.08,185,73,31,9,3,0
887,bernardo magalhaes,Lightweight,5.75,155,65,38,11,3,0
888,angela magana,Women's Strawweight,5.08,115,65,36,11,9,0
889,neil magny,Welterweight,6.25,170,80,32,21,8,0
890,rashid magomedov,Lightweight,5.75,155,70,34,20,2,0
891,ruslan magomedov,Heavyweight,6.25,242,78,32,14,1,0
892,zabit magomedsharipov,Featherweight,6.08,145,73,28,17,1,0
893,john maguire,Welterweight,5.75,155,69,36,18,6,0
894,demian maia,Welterweight,6.08,170,72,41,27,9,0
895,jennifer maia,Women's Flyweight,5.33,125,64,31,17,5,1
896,levan makashvili,Featherweight,5.67,145,68,30,10,2,1
897,john makdessi,Lightweight,5.67,155,68,34,17,6,0
898,islam makhachev,Lightweight,5.83,155,70,27,18,1,0
899,zach makovsky,Flyweight,5.33,125,64,36,19,8,0
900,fabio maldonado,Light Heavyweight,6.08,205,75,39,22,9,0
901,bea malecki,Women's Bantamweight,5.75,135,74,28,3,0,0
902,nazareno malegarie,Lightweight,5.67,155,70,33,28,5,0
903,jon manley,Welterweight,6.08,170,75,33,7,3,0
904,jimi manuwa,Light Heavyweight,6.08,205,79,39,17,6,0
905,cristiano marcello,Lightweight,5.75,155,72,41,13,6,0
906,marcos mariano,Lightweight,6.08,155,76,33,6,6,0
907,enrique marin,Lightweight,5.83,170,74,33,9,4,0
908,ronny markes,Middleweight,6.08,185,75,31,14,3,0
909,rory markham,Welterweight,6.0,170,71,37,16,6,0
910,randa markos,Women's Strawweight,5.33,115,63,34,9,8,1
911,christina marks,Women's Flyweight,5.58,125,69,33,8,9,0
912,nate marquardt,Middleweight,6.0,185,74,40,38,19,2
913,julian marquez,Middleweight,6.17,185,75,29,7,2,0
914,carmelo marrero,Heavyweight,6.0,205,73,38,14,5,0
915,eliot marshall,Light Heavyweight,6.17,205,77,39,10,4,0
916,jack marshman,Middleweight,6.0,185,73,29,23,9,0
917,terry martin,Middleweight,5.67,185,71,39,22,9,0
918,anthony rocco martin,Welterweight,6.0,170,73,29,16,5,0
919,mallory martin,Women's Strawweight,5.33,115,63,25,4,2,0
920,danny martinez,Bantamweight,5.5,125,67,34,18,7,0
921,henry martinez,Lightweight,5.58,155,68,36,9,3,0
922,jonathan martinez,Bantamweight,5.67,135,70,25,11,2,0
923,adriano martins,Lightweight,5.83,155,72,36,28,9,0
924,lucas martins,Featherweight,6.0,145,72,30,16,3,0
925,bristol marunde,Middleweight,6.08,170,71,37,12,9,0
926,mike massenzio,Middleweight,6.17,185,73,36,13,6,0
927,jameel massouh,Featherweight,5.83,145,72,35,26,9,0
928,tiffany masters,Women's Strawweight,5.25,115,65,25,2,1,0
929,jorge masvidal,Welterweight,5.92,170,74,34,34,13,0
930,tateki matsuda,Flyweight,5.58,125,65,33,10,7,0
931,jake matthews,Welterweight,5.92,170,73,25,15,4,0
932,vladimir matyushenko,Light Heavyweight,6.0,205,74,48,26,7,0
933,jack may,Heavyweight,6.67,255,79,38,7,2,0
934,don'tale mayes,Heavyweight,6.5,260,81,27,7,2,0
935,gray maynard,Lightweight,5.75,155,70,40,14,8,1
936,gina mazany,Women's Bantamweight,5.5,135,68,31,5,3,0
937,sabina mazo,Women's Flyweight,5.58,125,70,22,7,1,0
938,michael mcbride,Lightweight,6.08,155,75,33,8,3,0
939,ian mccall,Flyweight,5.42,125,64,35,13,5,1
940,molly mccann,Women's Flyweight,5.33,125,62,29,10,2,0
941,charles mccarthy,Middleweight,5.83,185,71,39,10,5,0
942,sean mccorkle,Heavyweight,6.58,265,81,43,13,2,0
943,kris mccray,Welterweight,6.0,170,76,38,6,3,0
944,tamdan mccrory,Middleweight,6.33,185,78,32,14,5,0
945,rob mccullough,Lightweight,5.75,155,69,42,19,8,0
946,justin mccully,Heavyweight,6.08,225,73,43,10,5,2
947,bubba mcdaniel,Middleweight,6.25,185,75,36,21,8,0
948,michael mcdonald,Bantamweight,5.75,135,70,28,17,4,0
949,drew mcfedries,Middleweight,6.0,185,72,41,10,6,0
950,court mcgee,Welterweight,5.92,170,75,34,20,9,0
951,conor mcgregor,Welterweight,5.75,155,74,31,21,4,0
952,tim mckenzie,Middleweight,6.0,185,74,37,13,8,0
953,cody mckenzie,Lightweight,6.0,155,72,31,14,4,0
954,terrance mckinney,Featherweight,5.92,145,74,25,7,1,0
955,garreth mclellan,Middleweight,6.08,185,72,37,13,6,0
956,sara mcmann,Women's Bantamweight,5.5,135,66,39,11,5,0
957,james mcsweeney,Light Heavyweight,6.33,230,77,39,6,9,0
958,tim means,Welterweight,6.17,170,75,35,28,11,1
959,yancy medeiros,Welterweight,5.83,155,75,32,15,6,0
960,alton meeks,Heavyweight,6.42,265,75,25,3,1,0
961,gerald meerschaert,Middleweight,6.08,185,77,31,29,12,0
962,jordan mein,Welterweight,6.0,170,73,30,31,12,0
963,brian melancon,Welterweight,5.67,170,72,37,7,3,0
964,gilbert melendez,Lightweight,5.75,145,73,37,22,8,0
965,vanessa melo,Women's Bantamweight,5.42,135,65,31,9,6,0
966,antonio mendes,Light Heavyweight,6.25,205,77,38,17,10,0
967,chad mendes,Featherweight,5.5,145,66,34,18,5,0
968,augusto mendes,Bantamweight,5.5,135,65,36,6,2,0
969,eddie mendez,Middleweight,5.83,185,76,35,7,2,1
970,pietro menga,Flyweight,5.58,125,68,31,13,0,0
971,alonzo menifield,Light Heavyweight,6.0,205,76,32,9,0,0
972,ivan menjivar,Bantamweight,5.5,145,64,37,25,12,0
973,joe merritt,Welterweight,6.0,170,73,35,6,1,0
974,jonathan meunier,Welterweight,6.25,170,75,32,8,1,0
975,yaotzin meza,Bantamweight,5.75,145,74,38,21,11,0
976,david michaud,Lightweight,5.75,155,72,30,8,2,0
977,zachary micklewright,Lightweight,6.0,155,74,43,11,3,0
978,bojan mihajlovic,Light Heavyweight,5.92,205,73,39,10,6,0
979,curtis millender,Welterweight,6.17,170,76,31,17,5,0
980,jason miller,Middleweight,6.08,185,72,38,34,10,0
981,dan miller,Middleweight,6.08,185,74,38,14,8,0
982,jim miller,Lightweight,5.67,155,71,36,31,13,0
983,cole miller,Featherweight,6.08,145,74,35,21,11,0
984,che mills,Welterweight,6.08,170,76,37,15,5,0
985,adam milstead,Light Heavyweight,6.25,205,76,32,8,3,0
986,alberto mina,Welterweight,6.0,170,77,37,13,1,0
987,darrick minner,Featherweight,5.58,145,70,29,22,9,0
988,stipe miocic,Heavyweight,6.33,240,80,37,19,3,0
989,frank mir,Heavyweight,6.25,264,79,40,18,11,0
990,mario miranda,Middleweight,6.25,185,74,40,12,3,0
991,vitor miranda,Middleweight,6.08,185,77,40,13,7,0
992,david mitchell,Welterweight,6.0,170,76,40,12,4,0
993,danny mitchell,Welterweight,6.17,170,74,33,14,6,1
994,matt mitrione,Heavyweight,6.25,265,79,41,9,5,0
995,hiromitsu miura,Welterweight,5.75,170,71,38,9,6,0
996,takeya mizugaki,Bantamweight,5.58,135,68,35,21,11,2
997,roxanne modafferi,Women's Flyweight,5.58,125,69,37,23,17,0
998,bobby moffett,Featherweight,5.83,145,73,29,14,5,0
999,nate mohr,Lightweight,5.75,155,72,36,9,7,0
1000,thiago moises,Lightweight,5.75,155,70,24,12,4,0
1001,ashkan mokhtarian,Flyweight,5.5,125,67,34,13,3,0
1002,suman mokhtarian,Featherweight,5.83,145,67,27,8,1,0
1003,jeff monson,Heavyweight,5.75,247,74,48,43,12,1
1004,darrell montague,Flyweight,5.5,125,67,31,13,5,0
1005,augusto montano,Welterweight,6.08,170,73,34,15,3,0
1006,erick montano,Welterweight,6.0,170,73,33,8,5,0
1007,nicco montano,Women's Flyweight,5.42,135,65,30,5,3,0
1008,steve montgomery,Welterweight,6.33,185,75,28,8,4,0
1009,james moontasri,Welterweight,5.83,170,71,31,9,5,0
1010,todd moore,Welterweight,5.75,170,71,35,14,5,0
1011,sergio moraes,Welterweight,6.0,170,72,37,14,6,1
1012,marlon moraes,Bantamweight,5.5,135,67,31,22,6,1
1013,sheymon moraes,Featherweight,5.67,145,72,29,11,4,0
1014,john moraga,Flyweight,5.5,125,66,35,19,7,0
1015,leonardo morales,Bantamweight,5.67,135,68,26,5,2,0
1016,albert morales,Bantamweight,5.75,135,72,28,7,4,1
1017,joseph morales,Flyweight,5.5,125,69,25,9,2,0
1018,vince morales,Bantamweight,5.58,135,70,28,9,4,0
1019,sarah moras,Women's Bantamweight,5.58,135,67,31,6,6,0
1020,christian morecraft,Heavyweight,6.5,260,81,33,7,3,0
1021,richardson moreira,Middleweight,6.17,185,72,35,7,4,0
1022,vinicius moreira,Light Heavyweight,6.33,205,76,30,9,4,0
1023,brandon moreno,Flyweight,5.58,125,70,25,15,5,1
1024,dan moret,Lightweight,6.0,155,73,32,13,6,0
1025,peggy morgan,Women's Bantamweight,6.08,135,70,39,2,1,0
1026,alex morono,Welterweight,5.92,170,72,29,17,5,0
1027,maryna moroz,Women's Strawweight,5.58,125,67,28,9,3,0
1028,gegard mousasi,Middleweight,6.17,185,76,34,42,6,2
1029,jamie moyle,Women's Strawweight,5.08,115,65,30,4,3,0
1030,su mudaerji,Bantamweight,5.67,135,72,23,11,4,0
1031,lauren mueller,Women's Flyweight,5.42,125,67,27,5,3,0
1032,belal muhammad,Welterweight,5.92,170,72,31,16,3,0
1033,quinn mulhern,Lightweight,6.25,155,76,35,18,4,0
1034,james mulheron,Heavyweight,5.83,243,73,31,11,2,0
1035,jamie mullarkey,Lightweight,6.0,155,74,25,12,3,0
1036,pedro munhoz,Bantamweight,5.5,135,65,33,18,4,0
1037,mark munoz,Middleweight,6.0,185,72,41,14,6,0
1038,makhmud muradov,Middleweight,6.17,185,75,29,23,6,0
1039,vince murdock,Featherweight,5.5,145,66,28,12,3,0
1040,lauren murphy,Women's Bantamweight,5.42,125,67,36,11,4,0
1041,lerone murphy,Featherweight,5.75,145,73,28,8,0,1
1042,khalid murtazaliev,Middleweight,6.0,185,76,26,14,2,0
1043,nico musoke,Welterweight,6.0,170,75,33,13,5,0
1044,magomed mustafaev,Lightweight,5.67,155,71,31,14,2,0
1045,elvis mutapcic,Middleweight,6.0,185,72,33,15,5,1
1046,rin nakai,Women's Bantamweight,5.08,135,60,33,16,2,1
1047,kazuhiro nakamura,Light Heavyweight,5.92,205,70,40,15,11,0
1048,keita nakamura,Welterweight,5.92,170,73,35,34,10,2
1049,yui chul nam,Featherweight,5.75,145,69,38,18,6,1
1050,tyson nam,Flyweight,5.58,125,68,36,18,10,1
1051,rose namajunas,Women's Strawweight,5.42,115,65,27,9,4,0
1052,nad narimani,Featherweight,5.67,145,70,32,12,3,0
1053,roger narvaez,Middleweight,6.25,185,79,36,7,2,0
1054,bobby nash,Welterweight,6.0,170,74,29,8,4,0
1055,rafael natal,Middleweight,6.0,185,76,36,21,9,1
1056,ismail naurdiev,Welterweight,5.83,170,74,23,19,3,0
1057,geoff neal,Welterweight,5.92,170,75,29,12,2,0
1058,stanislav nedkov,Light Heavyweight,5.92,205,71,37,12,2,0
1059,josh neer,Welterweight,5.92,170,72,36,33,13,1
1060,nicolae negumereanu,Light Heavyweight,6.0,205,78,25,9,1,0
1061,shane nelson,Lightweight,5.75,155,70,34,15,5,0
1062,roy nelson,Heavyweight,6.0,263,72,43,23,14,0
1063,gunnar nelson,Welterweight,5.92,170,72,31,17,5,1
1064,kyle nelson,Featherweight,5.92,155,71,28,13,3,0
1065,antonio braga neto,Middleweight,6.25,185,77,31,9,3,0
1066,nick newell,Lightweight,5.83,155,74,33,14,1,0
1067,journey newson,Bantamweight,5.42,135,67,30,9,2,0
1068,francis ngannou,Heavyweight,6.33,250,83,33,14,3,0
1069,ben nguyen,Flyweight,5.42,125,65,31,17,8,0
1070,alex nicholson,Middleweight,6.33,185,81,29,7,4,0
1071,matheus nicolau,Flyweight,5.5,125,66,26,13,3,1
1072,tom niinimaki,Featherweight,5.75,145,69,37,21,8,1
1073,ramsey nijem,Lightweight,5.92,155,75,31,10,6,0
1074,mats nilsson,Welterweight,6.08,170,74,35,11,4,1
1075,ning guangyou,Bantamweight,5.33,145,64,37,6,4,1
1076,anthony njokuani,Lightweight,6.08,155,75,39,16,9,0
1077,minotauro nogueira,Heavyweight,6.25,240,77,43,34,10,1
1078,rogerio nogueira,Light Heavyweight,6.17,205,75,43,23,9,0
1079,kyle noke,Welterweight,6.08,170,76,39,22,10,1
1080,kj noons,Welterweight,5.83,155,72,36,12,8,0
1081,sage northcutt,Welterweight,6.0,170,71,23,11,2,0
1082,jason novelli,Lightweight,6.0,155,75,40,11,3,1
1083,phillipe nover,Featherweight,5.75,145,72,35,12,8,1
1084,diego nunes,Featherweight,5.5,145,67,36,18,4,0
1085,amanda nunes,Women's Bantamweight,5.67,135,69,31,18,4,0
1086,khabib nurmagomedov,Lightweight,5.83,155,70,31,28,0,0
1087,said nurmagomedov,Bantamweight,5.67,135,70,27,13,1,0
1088,kennedy nzechukwu,Light Heavyweight,6.42,205,83,27,7,1,0
1089,jake o'brien,Light Heavyweight,6.25,205,76,35,13,4,0
1090,sean o'connell,Light Heavyweight,6.08,205,74,36,17,9,0
1091,sean o'malley,Bantamweight,5.92,135,72,25,10,0,0
1092,brendan o'reilly,Welterweight,5.58,170,69,32,6,3,0
1093,christian ocon,Bantamweight,5.67,135,69,23,4,1,0
1094,richard odoms,Heavyweight,6.42,265,82,44,8,1,0
1095,volkan oezdemir,Light Heavyweight,6.17,205,75,30,16,4,0
1096,andy ogle,Featherweight,5.67,145,69,30,9,6,0
1097,yushin okami,Welterweight,6.17,170,75,38,35,12,0
1098,jj okanovich,Lightweight,5.92,155,76,28,6,1,0
1099,aleksei oleinik,Heavyweight,6.17,240,80,42,57,13,1
1100,michal oleksiejczuk,Light Heavyweight,6.0,205,74,24,14,3,0
1101,rafaello oliveira,Lightweight,5.67,155,71,37,15,7,0
1102,charles oliveira,Lightweight,5.83,155,74,30,27,8,0
1103,ednaldo oliveira,Light Heavyweight,6.42,205,79,35,13,2,1
1104,alex oliveira,Welterweight,5.92,170,76,31,19,8,1
1105,wendell oliveira,Welterweight,5.83,170,72,36,24,9,0
1106,felipe olivieri,Lightweight,5.75,155,72,34,14,5,0
1107,cameron olson,Light Heavyweight,6.08,205,75,29,7,3,0
1108,alan omer,Featherweight,5.83,145,71,31,18,5,0
1109,daniel omielanczuk,Heavyweight,6.0,247,74,37,19,8,1
1110,michihiro omigawa,Featherweight,5.5,145,68,43,13,13,1
1111,chibwikem onyenegecha-palmer,Middleweight,6.25,185,76,25,6,0,0
1112,brian ortega,Featherweight,5.67,145,69,28,14,1,0
1113,tito ortiz,Light Heavyweight,6.25,205,74,44,17,11,1
1114,dustin ortiz,Flyweight,5.42,125,65,30,19,8,0
1115,kenji osawa,Bantamweight,5.58,135,66,42,18,10,2
1116,ode osbourne,Bantamweight,5.58,135,73,27,7,2,0
1117,nick osipczak,Welterweight,6.17,170,76,34,5,3,0
1118,rachael ostovich,Women's Flyweight,5.25,125,62,28,4,5,0
1119,zak ottow,Welterweight,5.92,170,72,32,17,7,0
1120,sidney outlaw,Welterweight,5.67,170,74,27,8,4,0
1121,alistair overeem,Heavyweight,6.33,265,80,39,45,17,0
1122,alptekin ozkilic,Flyweight,5.42,125,65,33,9,4,0
1123,nick pace,Bantamweight,5.58,135,68,32,6,3,0
1124,larissa pacheco,Women's Bantamweight,5.58,135,69,25,10,2,0
1125,teemu packalen,Lightweight,6.08,155,75,32,8,3,0
1126,damacio page,Bantamweight,5.5,135,66,37,12,8,0
1127,dustin pague,Bantamweight,5.75,135,74,32,11,10,0
1128,raulian paiva,Flyweight,5.67,125,69,24,18,3,0
1129,fredson paixao,Featherweight,5.5,145,66,40,10,4,0
1130,bart palaszewski,Featherweight,5.75,145,70,36,35,17,0
1131,soa palelei,Heavyweight,6.33,265,81,42,22,5,0
1132,rousimar palhares,Welterweight,5.67,170,71,39,24,5,0
1133,alexandre pantoja,Flyweight,5.42,125,67,29,21,4,0
1134,jared papazian,Flyweight,5.67,135,67,31,14,9,0
1135,karo parisyan,Welterweight,5.83,170,72,37,19,8,0
1136,jun yong park,Middleweight,5.83,185,73,28,10,4,0
1137,harvey park,Lightweight,6.0,155,70,33,12,2,0
1138,norman parke,Lightweight,5.92,155,70,32,22,5,1
1139,claude patrick,Welterweight,5.92,170,75,39,14,2,0
1140,alan patrick,Lightweight,5.92,155,74,36,15,2,0
1141,sergei pavlovich,Heavyweight,6.25,257,84,27,13,1,0
1142,pawel pawlak,Welterweight,6.0,170,73,30,11,2,0
1143,estevan payan,Featherweight,5.83,145,72,37,14,6,0
1144,jonathan pearce,Lightweight,6.0,155,71,27,9,4,0
1145,ross pearson,Lightweight,5.67,155,69,35,22,16,0
1146,carlo pedersoli,Welterweight,5.92,170,75,26,11,3,0
1147,tyson pedro,Light Heavyweight,6.25,205,79,28,7,3,0
1148,filip pejic,Bantamweight,5.67,135,70,27,10,2,1
1149,kurt pellegrino,Lightweight,5.67,155,70,40,16,6,0
1150,julianna pena,Women's Bantamweight,5.5,135,69,30,10,3,0
1151,luis pena,Featherweight,6.25,155,75,26,7,2,0
1152,cathal pendred,Welterweight,6.08,170,75,32,17,5,1
1153,bj penn,Lightweight,5.75,155,70,40,16,14,2
1154,jessica penne,Women's Strawweight,5.42,115,67,36,12,6,0
1155,nick penner,Light Heavyweight,6.33,205,77,39,12,3,0
1156,raquel pennington,Women's Bantamweight,5.58,135,67,31,10,8,0
1157,godofredo pepey,Featherweight,5.58,145,73,32,14,6,0
1158,robert peralta,Featherweight,5.67,145,71,33,18,6,0
1159,viviane pereira,Women's Strawweight,5.08,115,63,26,13,2,0
1160,michel pereira,Welterweight,6.08,170,73,26,23,10,0
1161,erik perez,Bantamweight,5.67,135,68,29,17,6,0
1162,alejandro perez,Bantamweight,5.5,135,67,30,22,8,1
1163,frankie perez,Lightweight,5.92,155,73,30,10,4,0
1164,alex perez,Bantamweight,5.5,135,65,27,22,5,0
1165,markus perez,Middleweight,6.08,185,73,31,11,2,0
1166,anthony perosh,Light Heavyweight,6.25,205,75,47,15,10,0
1167,thiago perpetuo,Welterweight,5.83,170,71,31,9,4,1
1168,hernani perpetuo,Welterweight,6.0,170,74,34,17,5,0
1169,jason perrin,Bantamweight,5.58,135,69,26,8,3,0
1170,mike perry,Welterweight,5.83,170,71,28,13,5,0
1171,raphael pessoa,Heavyweight,6.25,262,78,30,9,1,0
1172,viktor pesta,Heavyweight,6.25,240,77,29,10,4,0
1173,steven peterson,Featherweight,5.83,145,70,29,18,9,0
1174,seth petruzelli,Light Heavyweight,6.0,205,76,39,14,6,0
1175,peter petties,Featherweight,5.92,145,72,28,5,3,0
1176,anthony pettis,Lightweight,5.83,170,72,32,22,9,0
1177,sergio pettis,Flyweight,5.5,125,69,26,18,5,0
1178,forrest petz,Welterweight,5.75,170,71,44,24,9,0
1179,cody pfister,Lightweight,5.83,155,73,29,12,6,1
1180,nam phan,Bantamweight,5.5,135,70,36,18,14,0
1181,costas philippou,Middleweight,5.92,185,73,39,13,5,0
1182,aaron phillips,Bantamweight,5.75,135,70,30,8,2,0
1183,elizabeth phillips,Women's Bantamweight,5.5,135,65,33,5,4,0
1184,john phillips,Middleweight,5.92,185,75,34,22,9,0
1185,vinc pichel,Lightweight,5.83,155,72,36,12,2,0
1186,brad pickett,Catch Weight,5.5,135,68,41,26,14,0
1187,jamie pickett,Middleweight,6.17,185,80,31,9,3,0
1188,oskar piechota,Middleweight,6.0,185,76,29,11,2,1
1189,mike pierce,Welterweight,5.67,170,70,39,17,7,0
1190,sean pierson,Welterweight,6.0,170,76,43,14,6,0
1191,domingo pilarte,Bantamweight,6.0,135,73,29,8,2,0
1192,daniel pineda,Featherweight,5.58,145,69,34,18,11,0
1193,liu pingyuan,Bantamweight,5.5,135,72,26,13,6,0
1194,maki pitolo,Welterweight,5.83,170,75,28,12,5,0
1195,jamal pogues,Light Heavyweight,6.25,205,77,23,6,2,0
1196,dustin poirier,Lightweight,5.75,155,72,30,25,6,0
1197,igor pokrajac,Light Heavyweight,6.0,205,76,40,28,13,0
1198,santiago ponzinibbio,Welterweight,6.0,170,73,33,28,3,0
1199,grigorii popov,Bantamweight,5.58,135,68,35,13,2,0
1200,callan potter,Lightweight,6.0,170,72,35,18,8,0
1201,ruan potts,Heavyweight,6.17,247,75,41,8,4,0
1202,devin powell,Lightweight,6.0,155,73,31,9,4,0
1203,marcin prachnio,Light Heavyweight,6.25,205,74,31,13,4,0
1204,wagner prado,Light Heavyweight,6.0,205,74,32,8,2,0
1205,trevor prangley,Middleweight,6.08,185,75,47,23,8,1
1206,ricardo prasel,Heavyweight,6.58,238,78,29,10,1,0
1207,carlo prater,Lightweight,5.92,155,72,38,30,12,1
1208,michel prazeres,Welterweight,5.5,170,67,38,26,3,0
1209,kyle prepolec,Welterweight,5.83,170,70,30,12,7,0
1210,niko price,Welterweight,6.0,170,76,30,14,3,0
1211,lara procopio,Women's Bantamweight,5.33,135,67,23,6,1,0
1212,joe proctor,Lightweight,5.83,155,72,34,11,5,0
1213,cole province,Featherweight,5.75,145,68,38,6,2,0
1214,lucie pudilova,Women's Flyweight,5.67,125,67,25,8,5,0
1215,claudio puelles,Lightweight,5.92,155,72,23,10,2,0
1216,juan puig,Featherweight,5.75,145,72,30,11,4,0
1217,jens pulver,Lightweight,5.58,145,70,44,25,15,1
1218,mike pyle,Welterweight,6.0,170,74,44,27,14,1
1219,nate quarry,Middleweight,6.0,185,72,47,12,4,0
1220,jimmy quinlan,Middleweight,6.0,185,72,33,3,1,1
1221,michel quinones,Lightweight,5.83,155,73,34,8,3,0
1222,jose quinonez,Bantamweight,5.67,135,69,29,9,3,0
1223,ricky rainey,Welterweight,6.08,170,77,36,13,6,0
1224,aleksandar rakic,Light Heavyweight,6.33,205,78,27,12,1,0
1225,jessica rakoczy,Women's Strawweight,5.58,115,68,42,2,5,0
1226,ricardo ramos,Bantamweight,5.5,135,69,24,13,2,0
1227,davi ramos,Lightweight,5.5,155,70,32,10,3,0
1228,vernon ramos,Welterweight,5.5,170,72,27,3,2,0
1229,ed ratcliff,Lightweight,5.83,155,71,36,7,3,0
1230,bec rawlings,Women's Flyweight,5.5,125,64,30,7,8,0
1231,stevie ray,Lightweight,5.83,155,70,29,22,9,0
1232,abdul razak alhassan,Welterweight,5.83,170,73,34,10,1,0
1233,rafael rebello,Bantamweight,5.42,135,67,39,7,4,0
1234,greg rebello,Heavyweight,6.0,240,73,37,24,8,0
1235,paul redmond,Featherweight,5.83,145,70,33,10,6,0
1236,karl reed,Light Heavyweight,6.25,205,78,30,6,1,0
1237,stephen regman,Middleweight,5.92,185,76,28,9,3,0
1238,wilson reis,Flyweight,5.33,125,65,34,23,10,0
1239,goran reljic,Light Heavyweight,6.25,205,81,35,9,3,0
1240,chance rencountre,Welterweight,6.17,170,75,32,14,3,0
1241,marion reneau,Women's Bantamweight,5.5,135,68,42,9,5,1
1242,polo reyes,Lightweight,5.92,155,71,34,8,8,0
1243,dominick reyes,Light Heavyweight,6.33,205,77,29,12,0,0
1244,alex reyes,Welterweight,5.92,170,73,33,13,3,0
1245,victor reyna,Welterweight,5.92,170,73,33,10,3,0
1246,mike rhodes,Welterweight,6.08,170,74,29,6,4,0
1247,amanda ribas,Women's Strawweight,5.25,115,66,26,8,1,0
1248,mike ricci,Lightweight,6.0,155,77,33,9,4,0
1249,alessandro ricci,Lightweight,5.92,155,69,37,10,5,0
1250,brad riddell,Lightweight,5.58,155,71,28,7,1,0
1251,matthew riddle,Welterweight,6.08,170,74,33,7,3,0
1252,joe riggs,Middleweight,6.0,185,70,37,41,17,0
1253,aaron riley,Lightweight,5.67,155,69,38,29,14,1
1254,jordan rinaldi,Lightweight,5.83,145,72,32,14,7,0
1255,nick ring,Middleweight,6.0,185,74,40,13,3,0
1256,mike rio,Lightweight,5.83,155,71,38,9,4,0
1257,diego rivas,Bantamweight,5.67,145,69,27,7,2,0
1258,jorge rivera,Middleweight,6.08,185,73,47,19,9,0
1259,francisco rivera,Bantamweight,5.67,135,68,38,11,7,0
1260,jimmie rivera,Bantamweight,5.33,135,68,30,22,4,0
1261,kali robbins,Women's Strawweight,5.25,115,63,35,6,2,0
1262,karl roberson,Middleweight,6.08,185,74,29,8,2,0
1263,daniel roberts,Welterweight,5.83,170,74,39,12,4,0
1264,danny roberts,Welterweight,6.08,170,74,32,16,5,0
1265,roosevelt roberts,Lightweight,6.08,155,74,25,8,1,0
1266,kenny robertson,Welterweight,5.83,170,74,35,15,5,0
1267,gillian robertson,Women's Flyweight,5.42,125,63,24,7,4,0
1268,alvin robinson,Lightweight,5.75,155,68,37,12,6,0
1269,vagner rocha,Lightweight,5.83,155,73,37,11,4,0
1270,carlos eduardo rocha,Welterweight,5.83,170,70,38,9,2,0
1271,luke rockhold,Middleweight,6.25,205,77,35,16,5,0
1272,bruno korea,Bantamweight,5.5,135,65,28,4,2,0
1273,manuel rodriguez,Welterweight,5.75,170,68,34,10,4,0
1274,yair rodriguez,Featherweight,5.92,145,71,27,13,2,0
1275,mike rodriguez,Light Heavyweight,6.33,205,82,30,10,3,0
1276,marina rodriguez,Women's Strawweight,5.5,115,65,32,12,0,1
1277,daniel rodriguez,Welterweight,6.08,170,75,32,8,1,0
1278,ray rodriguez,Bantamweight,5.58,135,69,31,15,5,0
1279,nick roehrick,Light Heavyweight,6.17,205,75,32,7,1,0
1280,marcos rogerio de lima,Light Heavyweight,6.08,253,75,34,16,7,1
1281,brett rogers,Heavyweight,6.42,265,81,38,11,4,0
1282,shane roller,Lightweight,5.83,155,72,40,11,7,0
1283,ricardo romero,Light Heavyweight,6.0,205,76,41,11,3,0
1284,yoel romero,Middleweight,6.0,185,73,42,13,4,0
1285,mara romero borella,Women's Flyweight,5.5,125,69,33,12,6,0
1286,jesse ronson,Lightweight,5.83,155,72,33,19,8,0
1287,george roop,Bantamweight,6.08,135,72,37,15,13,1
1288,aaron rosa,Light Heavyweight,6.33,205,78,36,17,5,0
1289,charles rosa,Featherweight,5.75,145,69,33,12,3,0
1290,karol rosa,Bantamweight,5.42,135,67,24,12,3,0
1291,jared rosholt,Heavyweight,6.17,265,75,33,14,3,0
1292,ben rothwell,Heavyweight,6.33,265,78,38,36,12,0
1293,khalil rountree jr.,Light Heavyweight,6.08,205,76,29,9,4,0
1294,ronda rousey,Women's Bantamweight,5.58,135,68,32,12,2,0
1295,philip rowe,Welterweight,6.25,170,80,29,6,2,0
1296,jairzinho rozenstruik,Heavyweight,6.33,242,78,31,8,0,0
1297,mauricio rua,Light Heavyweight,6.08,205,76,37,26,11,0
1298,rodolfo rubio,Featherweight,5.42,145,66,32,12,8,1
1299,mike russow,Heavyweight,6.08,255,73,43,15,3,0
1300,amir sadollah,Welterweight,5.83,170,74,39,7,5,0
1301,frankie saenz,Bantamweight,5.5,135,66,39,13,6,0
1302,saparbeg safarov,Light Heavyweight,6.08,205,78,33,9,2,0
1303,tarec saffiedine,Welterweight,5.83,170,70,33,16,7,0
1304,jason saggo,Lightweight,5.92,155,71,33,12,4,0
1305,ovince saint preux,Light Heavyweight,6.25,205,80,36,24,13,0
1306,lukasz sajewski,Lightweight,5.67,155,71,28,13,3,0
1307,augusto sakai,Heavyweight,6.25,265,77,28,14,1,1
1308,alessio sakara,Middleweight,6.0,185,72,38,19,11,0
1309,gokhan saki,Light Heavyweight,6.0,205,73,36,1,2,0
1310,justin salas,Lightweight,5.67,155,70,37,12,7,0
1311,roman salazar,Bantamweight,5.58,135,67,31,9,4,0
1312,muslim salikhov,Welterweight,5.92,170,70,35,15,2,0
1313,boston salmon,Bantamweight,5.75,135,69,28,6,3,0
1314,john salter,Middleweight,6.08,185,74,34,8,2,0
1315,josh samman,Middleweight,6.25,185,79,31,12,5,0
1316,joshua sampo,Flyweight,5.33,125,64,35,11,5,0
1317,diego sanchez,Welterweight,5.83,170,72,37,31,12,0
1318,eddie sanchez,Heavyweight,6.17,230,74,36,13,5,0
1319,joby sanchez,Flyweight,5.5,135,68,28,11,4,0
1320,andrew sanchez,Middleweight,6.08,185,74,31,12,5,0
1321,roberto sanchez,Flyweight,5.5,125,66,33,8,2,0
1322,luke sanders,Bantamweight,5.5,135,67,33,13,3,0
1323,jerrod sanders,Bantamweight,5.67,135,72,40,15,3,0
1324,cory sandhagen,Bantamweight,5.92,135,70,27,12,1,0
1325,hector sandoval,Flyweight,5.17,125,64,33,14,4,0
1326,roldan sangcha-an,Flyweight,5.33,125,65,28,4,2,0
1327,duda santana,Women's Bantamweight,5.58,145,73,23,3,1,0
1328,jorge santiago,Middleweight,6.08,170,74,39,25,11,0
1329,mike santiago,Featherweight,5.83,145,69,30,21,12,0
1330,richie santiago,Bantamweight,5.58,135,67,27,7,1,0
1331,evangelista santos,Welterweight,5.83,170,76,41,18,15,0
1332,iliarde santos,Flyweight,5.42,125,66,39,27,9,1
1333,leonardo santos,Lightweight,6.0,155,75,39,17,4,1
1334,thiago santos,Light Heavyweight,6.17,205,76,35,21,7,0
1335,bruno santos,Middleweight,5.75,185,69,32,14,2,0
1336,taila santos,Women's Flyweight,5.42,125,68,26,15,1,0
1337,daniel sarafian,Middleweight,5.75,185,73,37,10,6,0
1338,ulka sasaki,Flyweight,5.83,125,71,30,21,6,2
1339,paul sass,Lightweight,6.0,155,73,31,13,2,0
1340,takenori sato,Welterweight,5.83,170,71,34,17,10,7
1341,takashi sato,Welterweight,5.83,170,73,29,15,3,0
1342,ben saunders,Welterweight,6.17,170,77,36,22,12,2
1343,matt sayles,Featherweight,5.58,145,68,25,8,2,0
1344,eric schafer,Light Heavyweight,6.25,185,75,42,14,7,2
1345,brendan schaub,Heavyweight,6.33,245,78,36,11,5,0
1346,pat schilling,Featherweight,5.67,145,69,31,5,2,0
1347,matt schnell,Flyweight,5.67,125,70,29,14,4,0
1348,justin scoggins,Flyweight,5.58,125,66,27,11,5,0
1349,bradley scott,Welterweight,6.08,170,76,30,12,6,0
1350,neil seery,Flyweight,5.33,125,64,40,16,13,0
1351,stefan sekulic,Welterweight,6.0,170,75,27,12,3,0
1352,pete sell,Welterweight,5.92,170,75,37,9,5,0
1353,mackens semerzier,Featherweight,5.75,145,72,38,8,4,0
1354,alex serdyukov,Welterweight,6.17,170,74,39,8,5,0
1355,matt serra,Welterweight,5.5,170,68,45,11,7,0
1356,fredy serrano,Flyweight,5.25,125,65,40,3,2,0
1357,rosi sexton,Women's Bantamweight,5.25,135,63,42,13,4,0
1358,edmen shahbazyan,Middleweight,6.17,185,74,21,10,0,0
1359,leon shahbazyan,Welterweight,6.33,170,74,23,7,1,0
1360,kamal shalorus,Lightweight,5.67,155,68,47,7,3,2
1361,ken shamrock,Heavyweight,6.08,205,72,55,28,16,2
1362,eric shelton,Flyweight,5.5,125,68,28,12,6,0
1363,sean sherk,Lightweight,5.5,155,67,46,36,4,1
1364,chase sherman,Heavyweight,6.33,250,78,29,11,6,0
1365,valentina shevchenko,Women's Flyweight,5.42,125,66,31,18,3,0
1366,antonina shevchenko,Women's Flyweight,5.67,125,67,34,8,1,0
1367,jake shields,Welterweight,6.0,170,72,40,29,7,1
1368,shunichi shimizu,Bantamweight,5.42,135,66,34,28,9,10
1369,josh shockley,Lightweight,6.08,155,74,29,11,4,0
1370,jack shore,Bantamweight,5.67,135,71,24,12,0,0
1371,ivan shtyrkov,Light Heavyweight,6.0,205,74,31,16,0,1
1372,sam sicilia,Featherweight,5.67,145,67,33,15,8,0
1373,steven siler,Featherweight,5.92,145,70,32,23,13,0
1374,anderson silva,Middleweight,6.17,185,77,44,34,10,0
1375,wanderlei silva,Light Heavyweight,5.92,205,74,43,35,12,1
1376,thiago silva,Light Heavyweight,6.17,205,74,36,16,3,0
1377,antonio silva,Heavyweight,6.33,264,80,40,19,10,1
1378,erick silva,Welterweight,6.0,170,74,35,19,9,0
1379,leandro silva,Welterweight,5.75,155,72,33,19,4,1
1380,wagner silva,Welterweight,6.0,170,71,32,3,3,0
1381,joaquim silva,Lightweight,5.67,155,69,30,11,3,0
1382,felipe silva,Lightweight,6.0,155,77,35,8,2,0
1383,bruno silva,Bantamweight,5.33,135,65,29,11,4,1
1384,gabriel silva,Bantamweight,5.5,135,71,25,7,1,0
1385,douglas silva de andrade,Bantamweight,5.58,135,68,34,25,3,0
1386,elias silverio,Lightweight,5.92,155,73,33,11,2,0
1387,ricky simon,Bantamweight,5.5,135,69,27,15,2,0
1388,aaron simpson,Welterweight,6.0,170,73,45,11,4,0
1389,tony sims,Lightweight,5.92,155,70,34,12,4,0
1390,everett sims,Heavyweight,6.42,260,77,31,4,1,0
1391,rory singer,Middleweight,6.17,185,77,43,11,9,0
1392,elvis sinosic,Middleweight,6.25,205,77,48,7,11,2
1393,dennis siver,Featherweight,5.5,145,70,40,23,11,0
1394,chas skelly,Featherweight,5.92,145,72,34,18,4,0
1395,scott smith,Middleweight,6.0,185,70,40,17,9,0
1396,trevor smith,Middleweight,6.25,185,75,38,15,9,0
1397,anthony smith,Middleweight,6.33,205,76,31,32,14,0
1398,colton smith,Lightweight,6.0,155,71,32,6,4,0
1399,gilbert smith,Middleweight,5.75,185,75,38,5,2,0
1400,leslie smith,Women's Bantamweight,5.75,135,66,37,10,7,1
1401,devonte smith,Lightweight,5.75,155,76,26,10,2,0
1402,cole smith,Bantamweight,5.92,135,67,30,7,1,0
1403,dmitrii smoliakov,Heavyweight,6.17,253,74,37,9,3,0
1404,louis smolka,Bantamweight,5.75,135,68,28,16,6,0
1405,richie smullen,Lightweight,5.75,155,68,28,3,1,1
1406,devin smyth,Welterweight,5.83,170,72,24,9,1,0
1407,peter sobotta,Welterweight,6.0,170,75,32,17,6,1
1408,renato sobral,Light Heavyweight,6.08,205,75,44,36,9,0
1409,rameau thierry sokoudjou,Light Heavyweight,5.83,205,78,35,12,10,0
1410,joseph solecki,Lightweight,5.75,155,71,26,7,2,0
1411,kenan song,Welterweight,6.0,170,71,29,15,5,0
1412,chael sonnen,Middleweight,6.08,205,74,42,29,14,1
1413,jinsoo son,Bantamweight,5.5,135,69,26,9,4,0
1414,sean soriano,Featherweight,5.75,145,70,30,8,3,0
1415,punahele soriano,Middleweight,5.92,185,72,26,5,0,0
1416,dmitry sosnovskiy,Heavyweight,6.25,240,77,30,11,0,0
1417,ben sosoli,Heavyweight,5.75,265,72,29,7,2,0
1418,krzysztof soszynski,Light Heavyweight,6.08,205,77,42,26,12,1
1419,george sotiropoulos,Lightweight,5.83,155,71,42,14,6,0
1420,greg soto,Welterweight,5.92,170,73,33,8,2,0
1421,alex soto,Bantamweight,5.67,135,71,35,6,2,1
1422,joe soto,Bantamweight,5.5,135,65,32,18,7,0
1423,andre soukhamthath,Bantamweight,5.75,135,70,31,13,8,0
1424,jacare souza,Middleweight,6.08,185,72,39,26,7,0
1425,kevin souza,Featherweight,6.0,145,74,35,19,4,0
1426,livinha souza,Women's Strawweight,5.25,115,63,28,13,2,0
1427,ryan spann,Light Heavyweight,6.42,205,79,28,17,5,0
1428,tommy speer,Welterweight,5.83,170,71,35,19,5,0
1429,sean spencer,Welterweight,5.83,170,75,32,12,6,0
1430,felicia spencer,Women's Featherweight,5.5,145,68,28,7,1,0
1431,eric spicely,Middleweight,6.08,185,73,33,12,6,0
1432,daniel spitz,Heavyweight,6.58,245,82,29,6,3,0
1433,serghei spivac,Heavyweight,6.25,260,78,24,10,1,0
1434,daniel spohn,Light Heavyweight,6.33,205,79,35,15,6,0
1435,austin springer,Featherweight,5.67,145,71,32,10,3,0
1436,georges st-pierre,Welterweight,5.92,185,76,38,26,2,0
1437,andreas stahl,Welterweight,5.92,170,73,31,9,2,0
1438,ron stallings,Middleweight,6.17,170,75,36,13,8,0
1439,cody stamann,Bantamweight,5.5,135,64,29,18,2,0
1440,cristina stanciu,Women's Strawweight,5.25,115,64,25,5,2,0
1441,brian stann,Middleweight,6.08,205,74,39,12,6,0
1442,josh stansbury,Light Heavyweight,6.17,205,74,34,8,5,0
1443,clifford starks,Middleweight,6.0,185,77,38,8,2,0
1444,kalib starnes,Middleweight,6.25,185,74,44,12,7,1
1445,laureano staropoli,Welterweight,6.08,170,71,26,9,1,0
1446,damian stasiak,Bantamweight,5.42,135,70,29,10,6,0
1447,dominique steele,Welterweight,5.83,170,74,31,14,9,0
1448,ricky steele,Bantamweight,5.75,135,74,31,5,0,0
1449,steve steinbeiss,Middleweight,6.25,185,75,38,7,4,0
1450,jeremy stephens,Featherweight,5.75,145,71,33,28,17,0
1451,aljamain sterling,Bantamweight,5.58,135,71,30,18,3,0
1452,joe stevenson,Featherweight,5.58,145,70,37,31,14,0
1453,maia stevenson,Women's Strawweight,5.33,115,62,37,6,5,0
1454,darren stewart,Middleweight,6.0,185,74,28,11,4,0
1455,kyle stewart,Welterweight,6.0,170,76,30,11,3,0
1456,lazar stojadinovic,Featherweight,5.58,145,68,30,12,5,0
1457,julija stoliarenko,Women's Featherweight,5.58,145,66,26,4,4,1
1458,ken stone,Bantamweight,5.67,135,71,37,11,4,0
1459,rick story,Welterweight,5.75,170,71,35,19,9,0
1460,darko stosic,Light Heavyweight,6.0,205,76,27,13,3,0
1461,sam stout,Lightweight,5.75,155,70,35,21,12,1
1462,sean strickland,Welterweight,6.08,170,76,28,20,3,0
1463,hans stringer,Light Heavyweight,6.25,205,73,32,22,7,3
1464,stefan struve,Heavyweight,6.92,265,84,31,33,11,0
1465,mike stumpf,Welterweight,5.83,170,71,33,11,4,0
1466,tatiana suarez,Women's Strawweight,5.42,115,66,28,9,0,0
1467,george sullivan,Welterweight,6.0,170,73,38,17,7,0
1468,justin sumter,Middleweight,6.17,185,80,29,7,2,0
1469,martin svensson,Lightweight,6.08,155,72,34,14,6,0
1470,cub swanson,Featherweight,5.67,145,70,35,26,11,0
1471,mike swick,Welterweight,6.08,170,77,40,15,6,0
1472,bentley syler,Flyweight,5.33,125,68,36,5,1,0
1473,kevin syler,Featherweight,5.75,145,71,26,8,0,0
1474,tim sylvia,Heavyweight,6.67,265,80,43,30,7,0
1475,justin tafa,Heavyweight,6.0,264,74,25,3,1,0
1476,khalid taha,Featherweight,5.42,135,69,27,14,2,0
1477,mairbek taisumov,Lightweight,5.75,155,73,31,27,6,0
1478,nordine taleb,Welterweight,6.08,170,74,38,15,7,0
1479,akitoshi tamura,Bantamweight,5.75,135,70,39,16,11,2
1480,issei tamura,Bantamweight,5.42,135,63,35,7,4,0
1481,michinori tanaka,Bantamweight,5.42,135,67,29,11,3,0
1482,evan tanner,Middleweight,6.0,185,74,48,32,8,0
1483,manny tapia,Bantamweight,5.42,135,67,38,11,4,1
1484,miesha tate,Women's Bantamweight,5.5,135,65,33,18,7,0
1485,deividas taurosevicius,Featherweight,5.75,145,68,42,13,5,0
1486,thiago tavares,Featherweight,5.58,145,68,34,24,7,1
1487,brad tavares,Middleweight,6.08,185,74,31,17,6,0
1488,paul taylor,Lightweight,6.0,155,72,39,11,6,1
1489,jesse taylor,Welterweight,6.0,170,73,36,33,15,0
1490,louis taylor,Middleweight,5.92,185,74,40,11,3,0
1491,danielle taylor,Women's Strawweight,5.0,115,60,29,9,4,0
1492,james te huna,Light Heavyweight,6.17,185,75,38,18,9,0
1493,shawn teed,Heavyweight,6.42,265,79,27,5,1,0
1494,glover teixeira,Light Heavyweight,6.17,205,76,39,30,7,0
1495,david teymur,Lightweight,5.75,155,73,30,8,2,0
1496,daniel teymur,Featherweight,5.42,145,69,31,7,3,0
1497,motonobu tezuka,Bantamweight,5.58,135,66,32,19,6,4
1498,brandon thatch,Welterweight,6.17,170,74,34,11,5,0
1499,elias theodorou,Middleweight,6.08,185,75,31,17,3,0
1500,paulo thiago,Welterweight,5.92,170,73,38,15,8,0
1501,nick thompson,Welterweight,6.08,170,74,38,38,14,1
1502,oli thompson,Heavyweight,6.08,242,75,39,9,4,0
1503,stephen thompson,Welterweight,6.0,170,75,36,14,4,1
1504,josh thomson,Lightweight,5.83,155,71,41,21,8,0
1505,simeon thoresen,Welterweight,6.08,170,79,35,17,4,1
1506,gleison tibau,Lightweight,5.83,155,71,36,40,14,0
1507,nolan ticman,Flyweight,5.5,125,69,31,4,3,0
1508,darren till,Welterweight,6.0,170,74,26,17,2,1
1509,andrew todhunter,Middleweight,6.0,185,72,31,8,0,0
1510,dusko todorovic,Middleweight,6.08,185,74,25,8,0,0
1511,kazuki tokudome,Lightweight,5.92,155,73,32,12,6,1
1512,tyler toner,Featherweight,5.67,145,70,36,12,3,0
1513,miguel torres,Bantamweight,5.75,135,76,38,39,5,0
1514,tecia torres,Women's Strawweight,5.08,115,60,30,10,5,0
1515,alex torres,Featherweight,5.83,145,70,31,2,2,0
1516,jose torres,Flyweight,5.33,125,65,27,8,1,0
1517,desmond torres,Bantamweight,5.5,135,69,22,7,1,0
1518,salim touahri,Welterweight,5.83,170,72,30,10,4,0
1519,dequan townsend,Light Heavyweight,6.25,205,79,33,21,9,0
1520,francisco trevino,Lightweight,5.75,155,70,37,12,2,0
1521,frank trigg,Welterweight,5.75,170,71,47,21,9,0
1522,francisco trinaldo,Lightweight,5.75,155,70,41,23,7,0
1523,michael trizano,Featherweight,5.92,155,71,27,9,1,0
1524,antonio trocoli,Light Heavyweight,6.42,205,82,28,11,3,0
1525,tor troeng,Middleweight,6.17,185,77,36,16,7,1
1526,abel trujillo,Lightweight,5.67,155,70,36,15,8,0
1527,arman tsarukyan,Lightweight,5.58,155,72,23,14,2,0
1528,chris tuchscherer,Heavyweight,6.17,258,76,44,21,4,0
1529,jon tuck,Lightweight,5.92,155,73,35,10,5,0
1530,gavin tucker,Featherweight,5.5,145,66,33,11,1,0
1531,jumabieke tuerxun,Bantamweight,5.58,135,67,33,17,3,1
1532,tai tuivasa,Heavyweight,6.17,264,75,26,10,3,0
1533,zubaira tukhugov,Featherweight,5.67,145,68,28,18,4,1
1534,albert tumenov,Welterweight,5.92,170,73,27,17,4,0
1535,ricky turcios,Bantamweight,5.75,135,71,26,8,1,0
1536,wellington turman,Middleweight,6.0,185,72,23,15,3,0
1537,jalin turner,Lightweight,6.25,155,77,24,8,5,0
1538,austin tweedy,Lightweight,5.75,155,68,29,10,1,0
1539,marcin tybura,Heavyweight,6.25,249,78,33,17,6,0
1540,alberto uda,Middleweight,6.25,185,77,35,9,2,0
1541,gasan umalatov,Welterweight,5.92,170,71,37,15,5,1
1542,caol uno,Lightweight,5.58,155,70,44,26,15,5
1543,hector urbina,Welterweight,5.92,170,73,32,25,10,1
1544,elias urbina,Middleweight,6.25,185,77,26,3,1,0
1545,nick urso,Flyweight,5.5,125,66,34,10,3,0
1546,kamaru usman,Welterweight,6.0,170,76,32,15,1,0
1547,darren uyenoyama,Flyweight,5.5,125,64,40,8,5,0
1548,richie vaculik,Flyweight,5.5,125,69,36,10,5,0
1549,charlie valencia,Bantamweight,5.25,135,64,44,12,7,0
1550,isaac vallie-flagg,Lightweight,5.67,155,68,41,14,6,1
1551,matt van buren,Light Heavyweight,6.42,205,76,33,7,4,0
1552,brianna van buren,Women's Strawweight,5.0,115,62,26,9,2,0
1553,austin vanderford,Welterweight,5.92,170,74,29,4,0,0
1554,lando vannata,Lightweight,5.75,155,71,27,10,4,2
1555,paige vanzant,Women's Flyweight,5.33,115,65,25,8,4,0
1556,kazula vargas,Lightweight,5.67,155,71,34,10,3,0
1557,jamie varner,Lightweight,5.67,155,72,35,21,11,1
1558,guilherme vasconcelos,Middleweight,6.0,185,74,33,3,2,0
1559,javier vazquez,Featherweight,5.58,145,69,42,16,5,0
1560,manny vazquez,Flyweight,5.83,125,72,25,11,2,0
1561,cain velasquez,Heavyweight,6.08,240,77,37,14,3,0
1562,bojan velickovic,Welterweight,6.0,170,76,30,15,6,1
1563,karlos vemola,Middleweight,6.0,185,75,34,10,4,0
1564,brandon vera,Light Heavyweight,6.25,230,76,42,12,7,0
1565,marlon vera,Bantamweight,5.67,135,70,26,15,5,1
1566,marvin vettori,Middleweight,6.0,185,74,26,14,4,1
1567,hugo viana,Bantamweight,5.5,135,67,37,8,4,0
1568,polyana viana,Women's Strawweight,5.42,115,67,27,10,4,0
1569,james vick,Lightweight,6.25,155,76,32,13,5,0
1570,milton vieira,Featherweight,6.0,145,72,41,13,8,2
1571,reginaldo vieira,Bantamweight,5.58,135,65,36,14,5,0
1572,ketlen vieira,Women's Bantamweight,5.67,135,68,28,10,0,0
1573,rodolfo vieira,Middleweight,6.0,185,73,30,6,0,0
1574,gian villante,Light Heavyweight,6.25,205,76,34,17,11,0
1575,armando villarreal,Bantamweight,5.58,135,66,30,5,1,0
1576,yuri villefort,Welterweight,6.0,170,73,28,6,3,0
1577,marcos vinicius,Flyweight,5.75,125,70,39,20,6,1
1578,brandon visher,Bantamweight,5.5,135,68,35,13,3,0
1579,bobby voelker,Welterweight,6.0,170,75,40,24,12,0
1580,alexander volkanovski,Featherweight,5.5,145,71,31,20,1,0
1581,jacob volkmann,Lightweight,5.75,155,71,39,15,4,0
1582,alexander volkov,Heavyweight,6.58,250,80,31,30,7,0
1583,chris wade,Lightweight,5.83,155,70,32,12,3,0
1584,tj waldburger,Welterweight,5.92,170,75,31,16,9,0
1585,chase waldon,Middleweight,6.08,185,75,33,11,2,0
1586,johnny walker,Light Heavyweight,6.42,205,82,27,17,3,0
1587,ben wall,Welterweight,5.83,155,73,30,7,2,1
1588,rodney wallace,Light Heavyweight,5.75,205,72,37,11,4,1
1589,randall wallace,Middleweight,5.92,185,73,30,15,6,0
1590,james wallace,Lightweight,5.83,155,69,26,9,2,0
1591,jimmy wallhead,Welterweight,5.83,170,73,35,29,11,0
1592,richard walsh,Welterweight,6.0,170,73,30,9,6,0
1593,patrick walsh,Light Heavyweight,5.92,185,71,30,5,3,0
1594,sai wang,Welterweight,6.0,170,72,33,8,5,1
1595,charlie ward,Welterweight,5.92,170,73,38,3,3,0
1596,terrion ware,Bantamweight,5.67,135,71,33,17,9,0
1597,dominic waters,Welterweight,6.08,170,79,30,9,5,0
1598,michelle waterson,Women's Strawweight,5.25,115,62,33,17,7,0
1599,walel watson,Bantamweight,5.92,135,69,35,9,5,0
1600,tom watson,Middleweight,6.08,185,73,37,17,9,0
1601,brok weaver,Welterweight,6.0,170,73,27,14,4,0
1602,jonavin webb,Welterweight,5.83,170,71,30,8,2,0
1603,emil meek,Welterweight,5.92,170,74,31,9,4,1
1604,royston wee,Bantamweight,5.58,135,67,32,4,1,0
1605,chris weidman,Middleweight,6.17,205,78,35,14,5,0
1606,christian wellisch,Heavyweight,6.17,234,77,44,8,5,0
1607,fabricio werdum,Heavyweight,6.33,231,77,42,23,8,1
1608,sheldon westcott,Welterweight,6.08,170,71,35,10,3,1
1609,coty wheeler,Bantamweight,5.5,135,67,41,14,4,0
1610,alex white,Lightweight,6.0,155,71,31,13,5,0
1611,craig white,Welterweight,6.17,170,76,29,14,9,0
1612,rob whiteford,Featherweight,5.75,145,69,36,12,4,0
1613,garett whiteley,Lightweight,6.0,155,72,38,8,3,0
1614,emily whitmire,Women's Strawweight,5.42,115,63,28,4,3,0
1615,robert whittaker,Middleweight,6.0,185,73,28,21,5,0
1616,adam wieczorek,Heavyweight,6.42,250,81,27,10,2,0
1617,mike wilkinson,Featherweight,5.58,145,68,32,9,2,0
1618,rob wilkinson,Middleweight,6.25,185,80,27,11,2,0
1619,james wilks,Welterweight,6.08,170,75,41,7,4,0
1620,patrick williams,Bantamweight,5.67,135,73,38,8,6,0
1621,tim williams,Middleweight,6.17,185,76,33,15,5,0
1622,jordan williams,Middleweight,6.0,185,76,29,8,2,0
1623,cole williams,Welterweight,6.0,170,73,35,11,2,0
1624,justin willis,Heavyweight,6.08,264,78,32,8,2,0
1625,chris wilson,Welterweight,6.08,170,75,42,16,8,0
1626,jonathan wilson,Light Heavyweight,6.17,205,75,32,7,3,0
1627,matt wiman,Lightweight,5.83,155,68,36,16,8,0
1628,eddie wineland,Bantamweight,5.58,135,69,35,24,13,1
1629,deron winn,Middleweight,5.5,185,70,30,6,1,0
1630,andre winner,Lightweight,5.92,155,73,37,13,6,1
1631,keith wisniewski,Welterweight,6.0,170,75,37,28,13,1
1632,nathaniel wood,Bantamweight,5.5,135,69,26,16,3,0
1633,tyron woodley,Welterweight,5.75,170,74,37,19,4,1
1634,sean woodson,Featherweight,6.17,145,78,27,7,0,0
1635,khama worthy,Lightweight,5.92,155,74,33,15,6,0
1636,jordan wright,Middleweight,6.17,185,77,28,9,0,0
1637,yanan wu,Flyweight,5.67,125,66,23,10,3,0
1638,song yadong,Bantamweight,5.67,135,67,21,15,4,0
1639,rani yahya,Bantamweight,5.5,135,67,35,26,10,0
1640,alexander yakovlev,Lightweight,6.25,155,74,35,24,8,1
1641,norifumi yamamoto,Bantamweight,5.33,135,66,42,18,6,0
1642,xiaonan yan,Women's Strawweight,5.42,115,63,30,11,1,0
1643,petr yan,Bantamweight,5.58,135,67,26,13,1,0
1644,adam yandiev,Middleweight,5.75,185,74,31,9,1,0
1645,dongi yang,Middleweight,5.83,185,71,34,13,3,0
1646,jianping yang,Featherweight,5.58,145,65,30,7,4,1
1647,hu yaozong,Light Heavyweight,6.25,205,72,24,3,2,0
1648,ashley yoder,Women's Strawweight,5.58,115,69,32,7,4,0
1649,sanghoon yoo,Lightweight,6.0,155,74,29,5,1,0
1650,yoshiyuki yoshida,Welterweight,5.92,170,70,45,13,6,0
1651,jason young,Featherweight,5.75,145,73,33,8,7,0
1652,shane young,Featherweight,5.67,145,72,26,13,4,0
1653,besam yousef,Welterweight,5.92,170,71,34,6,2,0
1654,sodiq yusuff,Featherweight,5.75,145,71,26,10,1,0
1655,gilbert yvel,Heavyweight,6.17,225,77,43,36,16,1
1656,luke zachrich,Middleweight,6.17,185,74,37,14,4,0
1657,anton zafir,Welterweight,5.92,170,72,32,7,3,0
1658,aiemann zahabi,Bantamweight,5.67,135,68,31,7,2,0
1659,elizeu zaleski dos santos,Welterweight,5.92,170,73,32,21,6,0
1660,zach zane,Featherweight,5.58,145,69,29,12,7,0
1661,roger zapata,Welterweight,5.92,170,74,33,4,3,0
1662,david zawada,Welterweight,6.0,170,75,29,16,5,0
1663,joao zeferino,Welterweight,5.92,170,73,33,13,6,0
1664,tiequan zhang,Lightweight,5.67,155,70,41,18,4,0
1665,zhang lipeng,Lightweight,5.92,155,71,29,9,9,1
1666,weili zhang,Women's Strawweight,5.33,115,63,30,20,1,0
1667,yao zhikui,Flyweight,5.42,125,64,28,2,5,0
1668,fares ziam,Lightweight,6.08,155,75,22,10,3,0
1669,cat zingano,Women's Featherweight,5.5,145,68,37,10,4,0
1670,allan zuniga,Lightweight,5.58,155,70,27,13,2,0
1671,virgil zwicker,Light Heavyweight,6.17,205,74,37,14,4,1
